登記案號,類別,案由,主任,登記號數,收件日期,登記日期,公告日期,登記簿,任期判定,屆期判定,法人代表,法人名稱,設立登記日期,主事務所,目的,捐助方法,許可機關日期,存立時期,財產總額,結案原因,結案日期,歸檔日期,發證日期,代理人,代理人住址,郵遞區號,第二個代理人,第二個代理人住址,郵遞區號,送達代收人姓名,送達代收人住址,郵遞區號,清算人,變更原因,註銷日期,撤銷日期,撤(註)銷機關文號,撤(註)銷原因,網站連結
069法登000001,1,1,林貴美,838,0690109,0690102,0690102,39冊11頁,,0,胡侗清,財團法人台北國際社區青年育樂活動中心基金會,0690102,台北市中山北路六段七八四巷二號,為中華民國境內國際社區人士子第舉辦非營利性之青少年及兒童育樂活動及舉辦其他社區育樂活動。,動產由前駐華美軍捐贈、基金則由公司行號及個人自由捐贈,台北市政府教育局中華民國六十八年十三月二十日北市教四字第五八八五九號函,永久,657894.00,1,0690102,0690102,,,,,,,,,,,,,,,,,https://aomp109.judicial.gov.tw/judbp/whd6k/q/mymuOgW4wz9K6_3OGIby9Lf4VA7N859jPvA8OQIFPS986FQNPpqKuaU=
069法登000002,1,1,林貴美,840,0690126,0690126,0690126,39冊15頁,,0,盛士畊,財團法人台北縣後條軍人獎學基金會,0690126,台北縣板橋市文化路一段五六巷廿九號,旨在獎助努向學之優秀而家境貧困之後條軍人及子女。,台北縣全體後條軍人輔導幹部暨後條軍人及社會人士捐助,台北縣政府中華民國六十八年十一月二十七日︵六八︶北府教一字第二七０一三八號函,永久,2938320.00,1,0690126,0690126,,,,,,,,,,,,,,,,,https://aomp109.judicial.gov.tw/judbp/whd6k/q/_4tHHoveItdV9ZfYjxKgaSveqCWIn42QqKHrH8vVKsz1Q08NKaNYSF0=
069法登000003,1,1,林貴美,845,0690311,0680311,0690311,39冊25頁,,0,魏景豪,財團法人陳香梅新聞獎學基金會,0680311,台北市大理街一三二號,鼓勵青年學生參與社聞事業培養優秀專業人才。,由陳香梅捐助、中國時報撥出相對基金、接受對外認捐,台北市教育局中華民國六十九年一月十日北市教四字第六０四七七號函,永久,1117000.00,1,0690311,0690311,,,,,,,,,,,,,,,,,https://aomp109.judicial.gov.tw/judbp/whd6k/q/VacBFh-zufJ5PUUd9gQUJqAfZH2XYlM25q1yjTgbh4cCAgmiSsL6Ups=
069法登000004,1,1,林貴美,846,0690313,0690313,0690313,39冊27頁,,0,陳繼盛,財團法人勞工研究資料中心基金會,0690313,台北市北平東路二十四號七樓之一,以促進勞工學術之研究，培養勞工學術研究之人才，普及勞工教育及增進社會福利為宗旨。,由陳繼盛先生捐助,教育部中華民國六十九年二月四日︵六九︶高三四七九號函,永久,300000.00,1,0690313,0690313,,,,,,,,,,,,,,,,,https://aomp109.judicial.gov.tw/judbp/whd6k/q/lEQE604st3uRXTM9oI0UVUAFZp59tOTKNxtriit7fYDAvdvamia1KTw=
069法登000005,1,1,林貴美,848,0690325,0690325,0690325,39冊31頁,,0,李克安,財團法人台灣省台北縣汐止教會聚會所,0690325,台北縣汐止鎮大同路二五五號,傳揚耶穌基督引人歸主信主與眾聖徒聚會追求真理，造福社會。,聖徒自由捐獻,台北縣政府中華民國六十八年十二月十四日六八北府民一字第二八二三六一號函,永久,468000.00,1,0690325,0690325,,,,,,,,,,,,,,,,,https://aomp109.judicial.gov.tw/judbp/whd6k/q/yrWU2DUlQa7qtGBZi9FtLWH8wBde5_umtR6XJcXw09FeKKKberGm8DA=
069法登000006,1,1,林貴美,849,0690328,0690328,0690328,39冊33頁,,0,呂學輝,財團法人台北保安宮,0690328,台北市哈密街六十一號,闡揚宗教義提倡敬奉神明並管理本宮財產及辦理社會公益善事業。,台北保安宮管理委員會捐助、信徒樂助,台北市政府民政局中華民國六十九年二月二十八日北市民三字第一四六六號函,永久,110142024.00,1,0690328,0690328,,,,,,,,,,,,,,,,,https://aomp109.judicial.gov.tw/judbp/whd6k/q/E9FNiLlXRDmHA23RJqUGp-eOSmpqDVO0eZAXF9eSfKL5GPMPI0NvabI=
069法登000007,1,1,林貴美,850,0690328,0690328,0690328,39冊35頁,,0,周清輝,財團法人台灣省台北縣樹林中華基督教國語禮拜堂,0690328,台北縣樹林鎮啟智街七八號,弘揚主基督耶穌教義傳播福音鼓勵會員（信徒）奉獻愛心從事慈善事務並以管理維護運用本會一切動產與不動產。,由本會全體會員捐獻,台北縣政府中華民國六九北府民一字第六八九七五號函,永久,215900.00,1,0690328,0690328,,,,,,,,,,,,,,,,,https://aomp109.judicial.gov.tw/judbp/whd6k/q/DwgfE5Iga6wgDxRgYdQYm_PL9IvG38DrqXOxEf0qNn8q8T3U3Fw63Mc=
069法登000008,1,1,林貴美,851,0690418,0690418,0690418,39冊37頁,,0,蔡正義,財團法人台北工專建築教育基金會,0690418,台北市新生南路一段三號省立台北工專設計科,獎勵台北工專建築科（組）同學校友研究建築技術配合國策以發展建設工程為宗旨。,由董事及台北工專校友一次捐助,台北市政府教育局中華民國六十九年三月二十五日北市教四字第一一二七六號函,永久,548000.00,1,0690418,0690418,,,,,,,,,,,,,,,,,https://aomp109.judicial.gov.tw/judbp/whd6k/q/CZ3gwCTFVcjBZ-MwK-t8F9ymXxGx6HvYW-5Il6eivQKKwRsSe28ur7s=
069法登000009,1,1,林貴美,852,0690421,0690421,0690421,39冊39頁,,0,唐懋陽,財團法人台北市基督徒福音出版社,0690421,台北市景美區羅斯福路五段四五號二樓之二,宣揚基督福音闡明聖經真理出版書籍造就信徒並分贈萬人。,主恩感動信徒捐助,台北市政府中華民國六十九年四月十四日︵六九︶府社一字第一二三四四號函,永久,300000.00,1,0690421,0690421,,,,,,,,,,,,,,,,,https://aomp109.judicial.gov.tw/judbp/whd6k/q/p8e9b624sFilduHBHUJ1cfipyvkBtmMG2E4u6W_2w_p18zzbzjVC1o4=
069法登000010,1,1,林貴美,853,0690512,0690512,0690512,39冊41頁,,0,"蔡  能",財團法人台灣區鰻魚發展基金會,0690512,台北市松江路八七號九樓之三,為安定台灣區鰻魚外銷保障鰻魚業者合理利益於鰻魚久銷時按日出口數量全額認捐以為鰻魚價格平準之基金。,鰻魚業團體其他機關團體或個人之捐助、政府機關捐助,經濟部中華民國六十九年四月二十六日經︵六九︶農一三二０七號函,永久,20980000.00,1,0690512,0690512,,,,,,,,,,,,,,,,,https://aomp109.judicial.gov.tw/judbp/whd6k/q/woIjIE5iv6Q4oiCgi3GEVOPoXmFQ4A27krq14tsY4MmCYZ3e_pp1PeI=
069法登000011,1,1,林貴美,854,0690512,0690512,0690512,39冊43頁,,0,沈公山,財團法人台北市文林基金會教會,0690512,台北市士林區文林路一段六六一巷三號,本法人宗旨係本上帝愛世人之精神以信望愛處世之準繩遵照馬太福音二十八章十八節至二十節之經訓在台北市傳揚基督福音辦理社會公益慈善教育事業。,信徒奉獻,台北市政府民政局中華民國六十九年四月一日北市民三字第二三八三號函,永久,531000.00,1,0690512,0690512,,,,,,,,,,,,,,,,,https://aomp109.judicial.gov.tw/judbp/whd6k/q/1XwFN2aoeiLHLZLuT9t2uBsW5cuqJzX0dC-YHoaO0arKTc8UNDQtoHg=
069法登000012,1,1,林貴美,855,0690512,0690512,0690512,39冊45頁,,0,陳河東,財團法人三商行股份有限公司職工福利委員會,0690512,台北市重慶北路四段一三八號,謀求三商行股份有限公司全體職工之福利。,依創立時或增資時實收資本額提撥、依每月事業收入提撥、依每月職工之本社提撥、其他捐助收入,台北市政府社會局中華民國六十九年四月二日北市社二字第一一三九號函,永久,2145612.00,1,0690512,0690512,,,,,,,,,,,,,,,,,https://aomp109.judicial.gov.tw/judbp/whd6k/q/-ffSE_W5XwFY2nS_xE91SdhSzUciZhnBBiYStybAl92Mdz0SSwk80ww=
069法登000013,1,1,林貴美,857,0690516,0690516,0690516,39冊49頁,,0,余明善,財團法人台灣省台北縣樹林鎮基督教迴龍主恩教會,0690516,台北縣樹林鎮三多里龍興街十四巷一號,本法人以管理改運用所屬一切財產促進信徒健全信仰宣傳福音並舉辦公益慈善事業為目的。,捐助,台北縣政府中華民國六十九年五月十日︵六九︶北府民一字第八七一九號函,永久,450925.00,1,0690516,0690516,,,,,,,,,,,,,,,,,https://aomp109.judicial.gov.tw/judbp/whd6k/q/xc2QYxBJ3LjaHPOQr9JpRFJQ2tIN0_0dqiGsk_JqFW0aUUrDCZ3QeAY=
069法登000014,1,1,林貴美,859,0690522,0690522,0690522,39冊53頁,,0,劉國禎,財團法人台灣省台北縣永和市基督教中興錫安堂,0690522,台北縣永和市大新街四五巷三號,促進信徒健全信仰宣傳福音並舉辦公益慈善及教育事業。,土地方房屋由劉國禎捐獻,台北縣政府中華民國六九年五月二日六九北府民一字第七九０二五號函,永久,0.00,1,0690522,0690522,,,,,,,,,,,,,,,,,https://aomp109.judicial.gov.tw/judbp/whd6k/q/P4WV5-rrBwjZ2m5T-XkN16IWuXJWchQjPTdmct9DKHcE9jxiNunqi3c=
069法登000015,1,1,林貴美,860,0690522,0690522,0690522,39冊55頁,,0,寶來恩,財團法人台灣省台北縣基督教女教士善會,0690522,台北縣樹林鎮三多里龍興街十四巷一之二號,以傳播基督教及義務協助樂生療養院醫療為目的。,捐助,台北縣政府中華民國六十九年四月十二日六九北府民一字第六四五七五號函,永久,822262.00,1,0690522,0690522,,,,,,,,,,,,,,,,,https://aomp109.judicial.gov.tw/judbp/whd6k/q/bC8OXWwJTzDc4odhRxw4xAB8XmbuMYZwE64ZeZXoe9s7lBsYShzOPPw=
069法登000016,1,1,林貴美,861,0690526,0690526,0690526,39冊57頁,,0,邱弘文,財團法人台北縣私立邱和成慈善基金會,0690526,台北縣鶯歌鎮同慶里五鄰中正二路六七號,為紀念先董事長邱公和成先前樂善好施地方牧成立邱和成慈善基金會繼續救濟貧苦疾病救助獎助學金春節慰問等。,自動捐助,台北縣政府中華民國六十九年五月二十二日六九北府社字第一０五七四號函,永久,2100000.00,1,0690526,0690526,,,,,,,,,,,,,,,,,https://aomp109.judicial.gov.tw/judbp/whd6k/q/gdgzuQpSllsxYTGdTCqIDpvYVAXQdbXHdw3n-VQCy5jQPkFHC48ng1Y=
069法登000017,1,1,林貴美,864,0690624,0690624,0690624,40冊3頁,,0,張鳳墀,財團法人台北市後條軍人獎學金基金會,0690624,台北市仁愛路四段卅五巷十六弄九號,本獎學金之被置旨在運用後條軍人本穿財力以獎助優秀家境經濟困難之後條軍人（含子女）努力向學。,由台北市各輔導中心策動地方熱心社會人士民間廠商社會團體及全體輔導幹部暨後條軍人熱心捐獻,台北市政府教育局中華民國六十九年五月二十二日北市教四字第一八二０一號函,永久,2749250.00,1,0690624,0690624,,,,,,,,,,,,,,,,,https://aomp109.judicial.gov.tw/judbp/whd6k/q/KJRFY8fE6V1nTw5Fdt2BjokIr-y0TJD5wonBrtT0bUHUiyTbVapHZ4c=
069法登000018,1,1,林貴美,868,0690709,0690709,0690709,40冊11頁,,0,林迺惠,財團法人桂山眼科教育研究基金會,0690709,台北市常德街一號台大醫院眼科,"以提高我國眼科教學與學術研究水準增進社會福利 。",經由籌備委員會勸募接受個人及團體之捐款,教育部中華民國六十九年六月二日台︵六九︶高一六三四七號函,永久,430000.00,1,0690709,0690709,,,,,,,,,,,,,,,,,https://aomp109.judicial.gov.tw/judbp/whd6k/q/mQzwTJP1TFGLYSYgQJnrLVgRAxRB4aQwE0eppivwsi-XvN3cNhJ4kfA=
069法登000019,1,1,林貴美,869,0690804,0690804,0690804,40冊13頁,,0,金克和,財團法人壬子助學基金會,0690804,台北市松江路五一二號十一樓,貿助清賽有志青年守習哲理或國學著重人格教育之養成以達育賢報國之目的。,現金捐助,台北市政府教育局中華民國六十九年四月九日北市教四字第八三九二號函,永久,0.00,1,0690804,0690804,,,,,,,,,,,,,,,,,https://aomp109.judicial.gov.tw/judbp/whd6k/q/7y2G2EMt_-YGP82ERuavlLeI8KqveYTf92T6h_lvYepGPgAtuy0Fnsc=
069法登000020,1,1,林貴美,870,0690805,0690805,0690805,40冊15頁,,0,周敏鴻,財團法人坤昌電機股份有限公司職工福利委員會,0690805,台北縣淡水鎮義山里下圭柔山一一四之一號,為咻障及增進本公司全體員工之福利物質本公司職員工中選舉委員共同謀劃各種福利事項。,公司次奉總額提撥、公司每月營業收入提撥、每月於每個職員工薪津,台北縣政府中華民國六十九年二月七日六九北府社四字第二七五四三號函,永久,150100.00,1,0690804,0690804,,,,,,,,,,,,,,,,,https://aomp109.judicial.gov.tw/judbp/whd6k/q/JFSqcrKXbQw5Oz-D1tnjnmXUCgJ9hSU64YkoQMxFZ0TgROxlOm96T8g=
069法登000021,1,1,林貴美,877,0690930,0690930,0690930,40冊29頁,,0,蔣孝勇,財團法人台北射擊俱樂部基金會,0690930,台北市中華路二段七五巷一弄十五號,推動射擊運動，增進國民健康為目的。,捐助,台北市政府教育局中華民國六十九年九月十二日北市教四字第四二二三三號函,永久,2750000.00,1,0690930,0690930,,,,,,,,,,,,,,,,,https://aomp109.judicial.gov.tw/judbp/whd6k/q/JS6tvtRTk3ykmejK75uVcpORTrrlgPVhPc9UIatKPMIpg53bdt_P4eE=
069法登000022,1,1,林貴美,879,0691003,0691003,0691003,40冊33頁,,0,潘廉方,財團法人潘民圖書館,0691003,台北縣永和市水源街二七巷三弄五號一、二樓,提倡社會教育供應民眾閱覽場所輔導學生管理普修補充國民生活知識培養國民良好習慣促進社會進步。,所有資金由全體董事及社會人士捐助,台北縣政府中華民國六十八年四月七日六八北府教三字第七０九八四號函,永久,2140000.00,1,0691003,0691003,,,,,,,,,,,,,,,,,https://aomp109.judicial.gov.tw/judbp/whd6k/q/EOynHGQJ6MrrVpHeBouCgFwTDFVv2KlXAfbNxcV3bTIBMP1r6mq1xAo=
069法登000023,1,1,林貴美,880,0691007,0691007,0691007,40冊35頁,,0,鄒濟勳,財團法人盧光舜肺癌基金會,0691007,台北市北投區石牌路二段二０一號,以促進肺癌病症診治工作之研究發展期使肺癌患者能護得完整治療作業，達成最佳之治療效果。,由社會各界捐助,行政府衛生署中華民國六十九年九月二十七日衛署醫字第二九七八四三號函,永久,14700000.00,1,0690907,0690907,,,,,,,,,,,,,,,,,https://aomp109.judicial.gov.tw/judbp/whd6k/q/bmNtvG5Ns9DkfC-nM8pqHMLTTNCHX3xbhMrQ4Z3FTd4Yv8uR3JIsRzQ=
069法登000024,1,1,林貴美,881,0691010,0691010,0691010,40冊37頁,,0,石中光,財團法人交通部台灣區國道高速公路局職工福利委員會,0691010,台北縣泰山鄉黎明村半山雅七０號,以謀救本財團法人暨所屬各單位職工之福利，改善職工之生活為目的。,捐助,內政部中華民國六十九年十一月八日六九台內勞字第五五二七０號函,永久,2000000.00,1,0691010,0691010,,,,,,,,,,,,,,,,,https://aomp109.judicial.gov.tw/judbp/whd6k/q/1v_Fx3H_JNvfEWWtP744NeFp7G0YSRTGD8-xiSMcP73ZTsnt6Nr9aJE=
069法登000025,1,1,林貴美,882,0691124,0691124,0691124,40冊39頁,,0,釋今能,財團法人台北市聖靈寺,0691124,台北汀州路六二四號,闡揚宗教教義，提倡敬奉神佛，並管理本寺財產及辦理社會公益慈善事業。,捐助,台北市政府民政局中華民國六十九年三月二十日北市民字第二三三八號函,永久,11730000.00,1,0691124,0691124,,,,,,,,,,,,,,,,,https://aomp109.judicial.gov.tw/judbp/whd6k/q/l3YSxJ2HvgDBvhsiMM0iVnx3g6xQOAG3D_3YtvgQEysKDXEtqENnmsY=
069法登000026,1,1,林貴美,883,0691209,0691209,0691209,40冊41頁,,0,劉正義,財團法人動物醫學研究基金會,0691209,台北市和平東路二段一０七巷十七號,本會為一非營利機構，運用基金孳息及社會團體捐助、配合國家經濟發展，接受政府及公民營企業委託，從事有關動物醫學與生產方規劃、設計、調查、研究及培育動物醫學人才達到服務社炤|為目的。,除由創辦人籌募捐助新台幣伍拾萬元為基金外，並接受其他個人及公私企業團體之捐助,教育部中華民國六十八年九月二十六日台︵六八︶高字第二八三一四號函,永久,500000.00,1,0691209,0691209,,,,,,,,,,,,,,,,,https://aomp109.judicial.gov.tw/judbp/whd6k/q/4hYPVWKccLdStCBvWl8krdMfPFcQ353B_ODfSq8WR0rsC_Mi8ytoP_w=
069法登000027,1,1,林貴美,884,0691222,0691222,0691222,40冊43頁,,0,陳兩傳,財團法人台灣省台北縣五股鄉凌雲寺觀音佛祖,0691222,台北縣五股鄉凌雲路二段五七號,以宣揚佛教道德敦睦信徒友誼增進社會福利樹立團結互助精神並興辦慈善育英公益事業為宗旨。,信徒捐贈,台北縣政府中華民國六十八年十一月二十一日六八北府民字第二四九八八六號函,永久,2401467.00,1,0691222,0691222,,,,,,,,,,,,,,,,,https://aomp109.judicial.gov.tw/judbp/whd6k/q/-37t9HTnCPyeQ0vpL8Sz8Pwile-432wHK-Fb-UNX0qX39b0LRJ-qDx4=
069法登000039,1,1,林貴美,863,0690618,0690618,0690618,40冊1頁,,0,莊宗昇,財團法人台北市天母基督教會,0690618,台北市天母里大玉街六三號一樓,旨在北市內傳揚基督教義辦理社會公益慈善教育等事業。,捐助,台北市政府民政局中華民國六十九年六月六日北市民三字第四九四０號函,永久,2839305.00,1,0690618,0690618,,,,,,,,,,,,,,,,,https://aomp109.judicial.gov.tw/judbp/whd6k/q/pKdHqe8a9x_QiMqzrTHvFz0Yv264PdhFur168XtGEGRbifJLG5KREyo=
069法登000050,1,1,王維靜,847,0690321,0690321,0690321,39冊29頁,,0,"蕭  錚",財團法人亞洲土地改革與農村發展中心,0690321,台北市敦化南路一段一號土地改革紀念館十樓　,以協助推行本國及亞洲地區各國土地改革與農村發展業務為宗旨。,由贊助人捐助基金,內政部六五年七月廿一日　台內地字第六九０一三四號函,永久,500000.00,1,0690321,0690321,,,,,,,,,,,,,,,,,https://aomp109.judicial.gov.tw/judbp/whd6k/q/sWuJfuG1NM_2NeS-m-co_Jtdzzyz3UdtOKoA3HWEEth9KOVJ40rFRaw=
069法登000081,1,1,陳淑敏,856,0690514,0690514,0690514,39冊47頁,,0,陳義揚,財團法人台北市松竹梅文化基金會,0690514,台北市敦化南路二段四六號八０六室,加強推展國各種文教活動促進國際對我國三民主義建設成困之瞭解推動中國之民主化與和平統一,由劉源俊等二十人一次捐足現金,台北市政府教育局六十八年十月卅七日　北市教四字第四四三五九號函,永久,500000.00,1,0690514,0690514,,,,,,,,,,,,,,,,,https://aomp109.judicial.gov.tw/judbp/whd6k/q/GRtqKgK1lxDVHJ1RNMwfgUqW7SvlPvX8xHy6bwJpuehCCeUxDoNByEw=
069法登000104,1,1,張茂寅,865,0690624,0690624,0690625,40冊56頁,,0,董事長,財團法人世華聯合商業銀行文化慈善基金會,0690624,台北市永綏路十號,以從事社會文化慈善事業為目的。,由世華聯合商業銀行每年於營業盈餘提撥百分之五捐肋,台北市政府教育局六十九年四月三日　北市教四字第八二七二號函,永久,10000000.00,1,0690624,0690624,,,,,,,,,,,,,,,,,https://aomp109.judicial.gov.tw/judbp/whd6k/q/gy2RUhocgQyajCRjQ4xo7mwqBwnsrJjVhgPJ8Qzws6IKkCMd5YoZ1kA=
069法登000110,1,1,林貴美,220,0530716,0530716,0530716,15冊29頁,,0,"鄭  濂",財團法人台灣基督教福音貴格會,0530716,台北市南港區興南路二八號,在台灣省各地設立教會、宣傳福音真理、舉辦宗教教育以及慈善公益等事業。,捐助,台北縣政府北府三民字第四二００八號　五十三年五月二十五日,永久,700000.00,1,0530716,0530716,,,,,,,,,,,,,,,,,https://aomp109.judicial.gov.tw/judbp/whd6k/q/1Ddpv-uoWMvaRtunfiAC7sYPqYdbqd-k59HG7uPolM783-R5Xn4joCA=
069法登000125,1,1,林貴美,871,0690806,0690806,0690806,40冊17頁,,0,"羅  光",財團法人輔仁大學于野聲校長奬助學金管理委員會基金會,0690806,台北市吉林路卅七號,紀念輔仁大學故于野聲校長及奬助優秀清寒學金,由天主教治喪會及野聲校長奬學金管理委員會先行捐助嗣後得視需要情況對外認捐,台北市政府教育局六十九年七月十九日　北市教四字第三一九九四號函,永久,1710806.00,1,0690806,0690806,,,,,,,,,,,,,,,,,https://aomp109.judicial.gov.tw/judbp/whd6k/q/9up1fps7w8yzNMvKDScMQAwkMR9sDFX-IB7c8r8FVYzkNYdCZfVZO8M=
069法登000157,1,1,林貴美,866,0690626,0690626,0690626,40冊7頁,,0,施正南,財團法人施合鄭民俗文化基金會,0690626,台北市西寧北路六二之三號三樓,復興中華文化，倡導固有民俗藝術之欣賞與研究。,由施合鄭邀集親友熱心捐獻。,台北市政府教育局六九年六月十六日　北市教四字第二二五六四號,永久,1000000.00,1,0690626,0690626,,,,,,,,,,,,,,,,,https://aomp109.judicial.gov.tw/judbp/whd6k/q/nx95BXG0LlydBxidGK8vgHR5FTVkrzOS1NeMqSbyeJETvRu5OMqL4wQ=
069法登000166,1,2,林貴美,796,0691103,0691103,0691104,37冊47頁,2,0,林李李,財團法人祐生研究基金會,0680205,台北市華陰街二十六號地下室,在於籌設生態研究中心，提供研究生活居住環境定性定量之品質改進方案，舉辦獎助鼓勵有志之士就各該問題之研究發展，提供社會大眾及有關機關之認識及改進。,由第一屆董事林柳賓等八人捐助,台北市政府教育局六十七年十二月三十日　北市教四字第五七二０四號函,永久,406250.00,1,0691103,0691103,,張永芬,基隆市樂一路八一巷三十三號,,,,,,,,,更換董事印鑑。,,,,,https://aomp109.judicial.gov.tw/judbp/whd6k/q/kibONHSYy7mLzeW-a18j_t5Pr0OEHClzpeX_bm12wiaThXdWQCJaQ80=
069法登000177,1,1,林貴美,249,0540922,0540922,0540922,17冊27頁,,0,梁秉權,財團法人私立致理商業專科學校,0540922,台北縣板橋市文化路一段三一三號,為供應私立致理商業專科學校所需一切設備及經費。,捐助,"教育部五十四年九月二日  台︵五四︶高字第一三六二五號函",永久,407914364.00,1,0540922,0540922,,,,,,,,,,,,,,,,,https://aomp109.judicial.gov.tw/judbp/whd6k/q/rQhw_Fj2HSgcV3IcRLyz0QhkJ51fz7wOpave0hMjuzQH7CbLK06ChYU=
069登000002,1,2,王維靜,320,0690107,0690107,0690107,21冊47頁,2,4,各董事,財團法人臺灣省臺北縣私立崇光女子高級中學,0570502,台北縣新店鎮十二張路71巷16號,本財團以創辦私立崇光女子中學並謀其發展為目的。,捐助,"臺灣省政府教育廳五十六年七月十三日  教二字第０六一六九號函",永久,41942384.00,1,0690107,0690602,,王秀菊,台北縣新店鎮十二張路71巷16號,231,,,,,,,,董事印鑑。,,,,,https://aomp109.judicial.gov.tw/judbp/whd6k/q/haZizqKKW-NZBqOw_i1kyx7wRH2SyfLp9ZTw91Z9r4B-9DNrHAw=
069登000003,1,2,王維靜,377,0690107,0690107,0690107,23冊47頁,2,4,蕭　錚,財團法人中國地政研究所,0590220,台北市敦化南路1號,本財團法人設立之目的為供應中國地政研究所所需之一切設備及經費。,由創辦人蕭錚捐贈。,教育部中華民國30年1月7日高字第00701號指令,永久,8753879.40,1,0690107,0690602,,,,,,,,,,,,"董事印鑑。
董事任期、限制董事代表權者其限制：任期4年。",,,,,https://aomp109.judicial.gov.tw/judbp/whd6k/q/q3b7Qm9XmUz97wT-7qDPG6TmIEXlQ-Hvzk7V0E-uQZCsbDmDr_Y=
069登000006,1,2,王維靜,537,0690112,0690112,0690112,29冊9頁,2,6,各董事,財團法人臺北市私立大華初級中學,0620723,台北市吳興街401號,本財團法人為協助政府普及國民教育暨響應政府獎勵私人興學而創辦私立大華初級中學及私立大華小學期求九年國民教育一貫作業以利九年國民教育之宗旨為目的。,由方志平、方海龍等共同捐助,臺北市政府教育局中華民國52年12月20日北市府教中字第1820號令,永久,44339101.00,1,0690112,0690602,,,,,,,,,,,,"目的：本會以創辦台北市私立大華初級中學並謀其發展為目的。（台北市私立大華初級中學董事會組織章程第2條）
董事任期、限制董事代表權者其限制：董事任期3年。
更換法人印信。",,,,,https://aomp109.judicial.gov.tw/judbp/whd6k/q/nZQHqO3KrQehmoRPC9VrXli6mnB0rzN4nOzI1ZrqnJBum_KYxZI=
069登000008,1,1,王維靜,839,0690116,0690116,0690116,39冊13頁,,,黃扆尊,財團法人台北市中華海外宣道會,0690116,台北市和平東路3段308巷46弄4號,本會以在台北市宣傳福音，舉辦宗教教育，以及慈善公益事業為宗旨。,由信徒捐助,臺北市政府民政局中華民國68年10月30日北市民三字第9112號函及臺北市政府民政局中華民國69年1月5日北市民三字第11258號函,永久,260870.00,1,0690116,0690602,0690121,,,,,,,,,,,,,,,,https://aomp109.judicial.gov.tw/judbp/whd6k/q/kqzu7up9OFWcZ9z8IHZnwEHEGzo1t6Ll1AipkWTsBLoHvCZYfwQ=
069登000009,1,2,王維靜,311,0690117,0690117,0690117,21冊29頁,2,3,馬樂怡,財團法人台北市信義路基督教會,0570120,台北市信義路4段30巷6號,本會宗旨在傳揚基督教義，辦理教育事業。,由國外及國內信徒捐獻,臺北市政府中華民國56年12月23日(56.)12.23府民行字第63025號函,永久,1500000.00,1,0690117,0690602,,,,,,,,,,,,,,,臺北市政府107年1月5日北市民宗字第1070057600號函示，因無法達成設立目的，自即日起予以解散。,,https://aomp109.judicial.gov.tw/judbp/whd6k/q/Hebeekt-7NC7ak8dpFyQ3vnpXU4Z9vRXub97OvaB1kACS7z9fic=
069登000010,1,2,王維靜,520,0690118,0690118,0690118,28冊35頁,2,3,賈彥文,財團法人臺灣省臺北縣私立耕莘高級護理助產職業學校,0620614,台北縣新店鎮十二張路188號,本財團以興辦私立耕莘高級護理助產職業學校，培養護理助產人才，并謀求發展為目的。,由財團法人天主教會台北教區捐助,臺灣省政府教育廳中華民國62年5月14日(62)(5.)(14)教三字第36309號函,永久,33477565.00,1,0690118,0690602,0690128,,,,,,,,,,,更換法人及董事印鑑。,,,,,https://aomp109.judicial.gov.tw/judbp/whd6k/q/kdwDaKP5Eh_4Tyxf0G6AdbAThGrgs_UKI07HgV4IFRWXmResZPA=
069登000011,1,2,王維靜,538,0690121,0690121,0690121,29冊11頁,2,10,各董事,財團法人台北市私立再興小學,0620727,台北市和平東路2段49號,以贊助私人興學作育人才，輔助國民教育正常發展為目的。,由創辦人朱秀榮君、董事及熱心教育之中外人士捐助,臺灣省臺北市政府教育局中華民國44年11月9日(44)北市教國字第9426號令,永久,15073406.50,1,0690121,0690602,,楊　芬,台北市和平東路2段49號,106,,,,,,,,更換法人及董事印鑑。,,,,,https://aomp109.judicial.gov.tw/judbp/whd6k/q/2xHLp_Y8PfWLLZnnaOQYpsYwTfX798qC_eEMhGtMHdkRLx61KqM=
069登000013,1,2,王維靜,201,0690125,0690125,0690125,14冊21頁,2,4,徐英發,財團法人天主教方濟各會,0521105,台北市昆明街96巷8號,本財團設立之目的為協助中國當地主教傳教供應方濟各會所需之一切設備及經費。以在宗教文學科學各方面培養服務中國之會士並使年邁或有疾病之會士得獲贍養。以維持其會士現在及將來被委承辦之宗教慈善，教育社會福利各事業。,由成世光、張右篤、財團法人天主教台北教區、財團法人聖徒會、財團法人天主教會高雄教區等共同捐助,臺灣省政府中華民國52年11月1日府民一字第77945號通知,無限期,6451988.00,1,0690125,0690602,,,,,,,,,,,,更換法人印信及董事印鑑。,,,,,https://aomp109.judicial.gov.tw/judbp/whd6k/q/KRFObITit8Vf2YhmA8EOtSiiKmoUEkPtx9H-P-oassza2AC5SFo=
069登000018,1,2,王維靜,380,0690205,0690205,0690205,23冊53頁,2,3,徐英傑,財團法人基督教改革宗長老會信安教會,0590420,台北市文昌街78巷1弄4號,本會之設立以宣揚基督救世之福音並根據聖經闡釋基督教義，倡導博愛，促進社會道德，興辦救濟事業為宗旨。,由楊業孔、吳城澍等29人共同捐助,臺北市政府中華民國59年4月8日59.4.8府民一字第15217號通知,永久,345000.00,1,0690205,0690602,,洪明灶,台北市文昌街78巷1衖4號,,,,,,,,,更換法人及董事印鑑。,,,,,https://aomp109.judicial.gov.tw/judbp/whd6k/q/ybKcPMdp0Yu5E_vX2aG3HzaRNHPML9dPSqB-CnahumsjvBkmOsE=
069登000020,1,2,王維靜,346,0690205,0690205,0690205,22冊39頁,2,2,張克雄,財團法人台北市基督教長老會西松國語禮拜堂,0580118,台北市松山區南京東路5段123巷8弄25號,以信奉基督教敦睦教誼，推行互助合作精神，共謀社會福利為宗旨。,由張克雄、陳竹君等共同捐助,臺北市政府中華民國57年12月12日57.12.12府民二字第57045號通知,永久,180000.00,1,0690205,0690602,,"陳茂春  律師",台北市貴陽街1段37號,100,,,,,,,,更換法人及董事印鑑。,,,,,https://aomp109.judicial.gov.tw/judbp/whd6k/q/gSzXMIweK4MQVM_-vPBvYpCIGqe-O4wNpvB5DeUohqh9OzWG5sw=
069登000021,1,1,王維靜,841,0690206,0690206,0690206,39冊17頁,,,呂　光,財團法人孟小冬國劇獎學基金會,0690206,台北市和平東路2段18巷7之5號6樓Ａ,本會為紀念孟小冬女士一生從事發揚國劇造就老生人才之意願，設置本獎學基金。用以獎掖戲劇院校國劇部門清寒優秀學生為宗旨，並以攻習老生一項為優先。,由孟小冬女士之門人及親友等共同捐助,臺北市政府教育局中華民國69年1月10日北市教四字第61191號函,永久,1000000.00,1,0690206,0690602,0690209,,,,,,,,,,,,,,,,https://aomp109.judicial.gov.tw/judbp/whd6k/q/R2MnuQi3n8VvKG8wbC7QP1hNWfJ6Kg68RVsRqJkOX21Zx1WcMng=
069登000023,1,2,王維靜,21,0690211,0690211,0690211,2冊16頁,2,6,林添福,財團法人私立淡江文理學院,0420213,台北市金華街199巷5號,本財團設立之目的為供應私立淡江文理學院所需之一切設備及經費。,創辦人張鳴先生捐贈,教育部中華民國39年12月11日台高字第7697號指令,永久,478130885.40,1,0690211,0690602,,,,,,,,,,,,更換法人印鑑。,,,,,https://aomp109.judicial.gov.tw/judbp/whd6k/q/i8-qW7FOdvpum32aEZNrs0866rjjG-hGeNeltDRGBaCBSHQWsg==
069登000024,1,2,王維靜,89,0690211,0690211,0690211,7冊3頁,2,9,金開英,財團法人中國技術服務社,0481001,台北市忠孝東路4段310號2樓,本社以充分發揮我國公民營生產事業之生產能力及其人員之技術知識，協助國內國外之經濟建設為目的。,由久大紙業、大同製鋼機械、中國煤礦開發、台北紡織、台灣水泥、台灣肥料、台灣電力、台灣糖業、高雄硫酸錏、裕隆機器製造廠股份有限公司及中國石油、中國機械工程有限公司等共同捐助,經濟部中華民國48年5月23日台(48)工字第07723號通知,永久,45255575.20,1,0690211,0690602,,何　浩,台北市忠孝東路4段310號2樓,,胡鍾民,台北市忠孝東路4段310號2樓,,,,,,"新任董事印鑑及更換法人印鑑。
修改捐助章程：依本院68年度法字第13號民事裁定准予變更。
董事任期限制董事代表權者其限制：任期3年得連任。",,,,,https://aomp109.judicial.gov.tw/judbp/whd6k/q/nxIRcUhQrnMnSTT--1QfGNXAQE2qJ_PeeOfO1ajkEf890zLVtQ==
069登000025,1,2,王維靜,375,0690211,0690211,0690211,23冊43頁,2,4,樊祥孫,財團法人中華顧問工程司,0590128,台北市忠孝東路4段280號7樓,本工程司以發揮我國專門人才之技術知識，促進交通建設，改進工程技術，協助國內外之經濟發展為目的。,由國際經濟合作發展委員會、交通部、郵政總局、電信總局、民用航空局、台灣鐵路管理局、台灣省公路局、基隆港務局、高雄港務局、台灣省公共工程局、台北市工務局、中國工程師學會等共同捐助,交通部中華民國58年12月17日交人字第5812-0642號通知,永久,66295141.57,1,0690211,0690602,,楊立德,台北市忠孝東路4段280號7樓,,,,,,,,,"更換法人及董事印鑑。
董事任期、限制董事代表權者其限制：董事任期3年。",,,,,https://aomp109.judicial.gov.tw/judbp/whd6k/q/tLmZuVhVv1xn7dwGwUABvSOF8E3XYxObIA97EteqFumZUW49_ng=
069登000026,1,2,王維靜,166,0690213,0690213,0690213,12冊7頁,2,,陳人昌,財團法人台北市基督教救世傳播協會,0510624,台北市北安路501巷55號,本會設立之宗旨為利用廣播、電視、影片、錄音、唱片以及其他有效科學工具傳播基督教救世福音與協助各地教會發展傳道事工。,由美國海外廣播公司（由李恩祺、彭蒙惠、林固仁、周普生代表）及唐志欽、吳天賜、郭莽玉琴、任敦薰、楊貞、唐鄒予鉻、胡仁昌等共同捐助,臺灣省臺北市政府中華民國51年4月23日(51)北市民行字第19215號許可證書,永久,4753583.00,1,0690213,0690602,,吳寶鑾,台北市北安路501巷55號,104,,,,,,,,更換法人印信及董事印鑑。,,,,,https://aomp109.judicial.gov.tw/judbp/whd6k/q/FxwNn5iICeOfLcX20hVGHlk-NsTpIOfhSxXxlXN15BQ3-hjFsX4=
069登000027,1,2,王維靜,102,0690221,0690221,0690221,7冊29頁,2,,楊烱明,財團法人楊姓四知堂,0490430,台北市東園街176巷45弄31號,本堂以闡揚祖德敦睦宗誼，增進宗族福利，樹立團結互助精神並舉辦公益慈善事業為宗旨。,由宗親捐助,臺灣省政府中華民國49年4月2日(49)(4)(2)府民一字第23971號通知,永久,35144845.00,1,0690221,0690602,,,,,,,,,,,,"更換董事印鑑。
董事任期限制董事代表權者其限制：董事任期4年。",,,,,https://aomp109.judicial.gov.tw/judbp/whd6k/q/t7qL-ohM2o9A4k1zbVbBbLll3IkQar6x34rZBo-3dSkLLMDxAsw=
069登000028,1,1,王維靜,842,0690221,0690221,0690221,39冊19頁,,,各董事,財團法人欣然家用氣體燃料安全促進研究社,0690221,台北市寧波西街86號3樓,促進氣體燃料有關工業安全之發展。研究加強城鎮及家庭用氣體燃料使用之安全。研究改進氣體燃料之供銷技術。加強配合政府節約能源政策及行政措施。,由行政院國軍退除役官兵輔導委員會所屬液化石油氣供應處（包括液化石油氣分銷、分裝、及運輸業者）暨輔導會投資合營各天然氣公司等共同捐助,經濟部中華民國69年2月7日經(69)工字第04317號函,永久,1606170.00,1,0690221,0690602,0690225,"盛漢恢  會計師",台北市漢口街1段144號萬企大廈604室,100,,,,,,,,,,,,,https://aomp109.judicial.gov.tw/judbp/whd6k/q/urUloZn49ZmIRDJpB405rlSqfoQLpUY2fzWTy0m0ymNNORaEU2s=
069登000029,1,2,王維靜,696,0690225,0690225,0690225,34冊27頁,2,2,各董事,財團法人徐元智先生紀念基金會,0651206,台北市延平南路128號,本會以擧辦或協助文化、教育、科技發展等事業，及擧辦獎助學金、學生貸款，俾對國家建設有所貢獻為宗旨。,由徐有庠先生及徐憶菊女士捐募,教育部中華民國65年11月16日台(65)高字第31919號函,無限期,116143038.87,1,0690225,0690602,0690304,盧泮游,台北市延平南路128號,100,,,,,,,,更換董事印鑑。,,,,,https://aomp109.judicial.gov.tw/judbp/whd6k/q/mzuFuVf6hMlZq-IS8M33KX36W4YYtzsRAVKnB8gHmlABQ4HLDyY=
069登000030,1,2,王維靜,195,0690227,0690227,0690227,14冊9頁,2,6,吳永言,財團法人台北市艋舺龍山寺,0520923,台北市廣州街211號,本寺以提倡奉佛敬神，闡揚佛教教理及倡導佛教信仰，藉使一般善信各獲安心立命福利社會為宗旨。,捐助,臺灣省臺北市政府中華民國52年8月28日府民行字第42387號通知,永久,85160301.62,1,0690227,0690603,,張俊宏,台北市廣州街211號,100,,,,,,,,"更換董事印鑑。
董事任期、限制董事代表權者其限制：任期3年。",,,,,https://aomp109.judicial.gov.tw/judbp/whd6k/q/znIA8B4WOVaug_7xxMT1s9e4YanRADR1T0k_nTGoyOpwLGoLOG8=
069登000031,1,2,王維靜,85,0690229,0690229,0690229,6冊25頁,1,18,各董事,財團法人台灣省政府農林廳林務局職工福利委員會,0480701,台北市杭州南路1段2號,為加強局本部及所屬單位職工福利事業之推行與職工福利機構之聯繫起見,一、依職工福利金條例提撥福利金。二、生產及其他事業之收益。,"台灣省政府社會處五十年一月十六日 社勞福字第二九號登記證",永久,120712635.23,1,0690229,0690602,,,,,,,,,,,,"繼任董事長（主任委員）印鑑。　　　　　
　　　　　　",,,,,https://aomp109.judicial.gov.tw/judbp/whd6k/q/GwY2neb_RSbmH6Pf-btTxuf06BxAf6IssZF2-7wAewxUnM7wcQ==
069登000033,1,1,王維靜,843,0690229,0690229,0690229,39冊21頁,,,各董事,財團法人吳三連先生文藝獎基金會,0690229,台北市濟南路2段15號5樓,"本會以發展民族文學、藝術，提高文化水準為目的。
（捐助方法：由自立晚報社、吳氏讓德堂、吳李菱、吳逸民、吳俊民、吳得民、吳凱民、吳樹民、陳樸一、吳梨雪、吳金桂及台南紡織、環球水泥、統一企業、亞洲合板、坤慶紡織、信億企業、國際紡織、太子建設開發、聯合建設、三新紡織、太子纖維工業、新和興海洋企業、可口企業、台灣針織、德興企業、大慶纖維工業、新寶纖維等股份有限公司）",社會各界之捐獻,教育部中華民國67年5月29日台(67)社字第13929號書函,永久,5000000.00,1,0690229,0690602,0690304,沈邦頎,台北市民生東路755號3樓,,,,,,,,,,,,,,https://aomp109.judicial.gov.tw/judbp/whd6k/q/jFAG2yAJYBOOZq2A6kqg49Cspu3Ksm1M0wMNfsIL1f9vSdTsDb0=
069登000034,1,1,王維靜,844,0690229,0690229,0690229,39冊23頁,,,馬志欽,財團法人中華民國非破壞檢測協會,0690229,台北市基隆路3段130號,本財團法人為非營利性之組織，以協助政府推進經濟建設，加速工業高級化及精密化；及協助公民營企業建立非破壞檢測制度，促進非破壞檢測技術發展為宗旨，辦理以下事務為目的：獎勵從事與推展非破壞檢測工作具有特殊貢獻之團體或個人。獎助非破壞檢測技術、設備之研究發展。設置非破壞檢測技術資料。協助工業界對有關非破壞檢測制度之建立，並提供非破壞檢測在應用方面之各項服務。促進國內外非破壞檢測技術之交流，並舉辦非破壞檢測從業人員之講習。其他有關上開宗旨之必要事項。,由中船、中油、台電、華航、中華工程、三光儀器、台灣機械、中鋼等（股）公司及國立台灣大學慶齡工業發展基金會合設工業研究中心、財團法人中國技術服務社、財團法人中興工程顧問社等共同捐助,經濟部中華民國68年7月9日經(68)工字第20735號函,永久,2200000.00,1,0690229,0690602,0690312,"盛漢恢  會計師",台北市漢口街1段144號萬企大廈604室,100,,,,,,,,,,,,,https://aomp109.judicial.gov.tw/judbp/whd6k/q/lYUEHgvlf3-L7HhemhI7Tmi2kztfLduZwalZvXqIyBGS-QK1GSw=
069登000035,1,2,王維靜,772,0690305,0690305,0690305,36冊59頁,2,2,楊榮耀,財團法人台灣省台北縣新店鎮教會,0670725,台北縣新店鎮建國路25巷12號,本會以管理，運用所屬一切財產，促進信徒健全信仰，宣揚基督引人歸主，造福社會為宗旨。,由楊榮耀等六人共同捐助。,臺北縣政府中華民國64年11月1日(64)北縣民㈠字第052號許可證書,永久,801492.00,1,0690305,0690602,0690307,覃旭光,台北縣新店鎮建國路25巷12號,231,,,,,,,,更換董事印鑑。,,,,,https://aomp109.judicial.gov.tw/judbp/whd6k/q/Xp8s5zn6Ikvi7XjfR-Qn0xMfxdR09bJtEN9y5zAHU5ziTGAieSc=
069登000036,1,2,王維靜,257,0690305,0690305,0690305,18冊13頁,2,2,韓　偉,財團法人台北市中華基督教長老會信友堂　,0550129,台北市羅斯福路3段269巷5號,以信奉基督，敦睦教誼，共謀社會福利為宗旨。,捐助,臺灣省臺北市政府中華民國54年12月27日(54)12.27府民行字第59605號通知,無限期,28290587.00,1,0690305,0690602,,,,,,,,,,,,更換法人及董事印鑑。,,,,,https://aomp109.judicial.gov.tw/judbp/whd6k/q/CGE-1Vl0RaKqJRd36JCPlOZk5mGZfMp6_CRXIYb_3EO1fCy9UNI=
069登000038,1,2,王維靜,50,0690308,0690308,0690308,4冊15頁,2,,各董事,財團法人台北市中國基督教靈糧世界佈道會台北靈糧堂,0460813,台北市和平東路2段24、26、28號,往普天下去傳福音給萬民聽，並建立教會。,信徒奉獻,臺灣省臺北市政府中華民國46年7月24日(46)北市社組字第43643號通知,永久,3400000.00,1,0690308,0690308,,,,,,,,,,,,"更換董事印鑑。
董事任期限制董事代表權者其限制：任期3年連選得連任。",,,,,https://aomp109.judicial.gov.tw/judbp/whd6k/q/uX9-xuUAyom1OIM-kqnuSbxyJ14U3OBBnrCaj2ugFlae5_cbmw==
069登000039,1,2,王維靜,643,0690308,0690308,0690308,32冊41頁,2,,各董事,財團法人山葉音樂振興基金會,0640917,台北市南京東路2段6號永新大樓8樓,以推廣全民音樂提高國民音樂水準為宗旨。,由台北市私立山葉音樂短期補習班及台灣山葉樂器製造股份有限公司共同捐助,教育部中華民國64年9月13日台(64)社字第23815號函,永久,1000000.00,1,0690308,0690602,0690419,闕山金,台北市南京東路2段6號永新大樓8樓,104,,,,,,,,董事印鑑。,,,,,https://aomp109.judicial.gov.tw/judbp/whd6k/q/SRrlpuNSZzPnfv9iZyjdPCQt4uLrQVEhJmVo-hdSazTr6enLjPo=
069登000040,1,2,王維靜,279,0690308,0690308,0690308,19冊27頁,1,,各董事,財團法人台北市韓國基督教會,0551121,台北市中山區遼寧街101巷2弄6號,本會目的為圖謀基督教健全之發展及盡力於台灣韓國基督教會執行禮拜及其他事業所需土地建物及設備品之所有或受理以及供給所必要之資產。,奉獻。,臺灣省臺北市政府中華民國55年11月10日(55)11.10府民行字第56755號通知,永久,800000.00,1,0690308,0690602,,"李仍晃  會計師",台北市北平東路20號2樓,100,,,,,,,,更換董事印鑑。,,,,,https://aomp109.judicial.gov.tw/judbp/whd6k/q/8DSTMtNv9ASrfzaMHOhCOVbx7akReYtQo9ec2nyof761EvV6CaA=
069登000041,1,2,王維靜,261,0690311,0690311,0690311,18冊21頁,2,5,各董事,財團法人中華聯合徵信中心,0550326,台北市博愛路154號7樓,本中心以溝通徵信資料，增進授信單位之信用安全，並協助國內外廠商取得信用資料，促進台灣對外貿易為目的。,由經合會、外貿會、證交所、物資局、中央信託局、省合作金庫及中國交通土地第一華南彰化華僑台灣上海商業美國商業銀行暨中華開發、台灣產物保險、台北區合會儲蓄、台灣合會儲蓄公司等共同捐助,經濟部中華民國55年1月1日(55)商字第04694號通知,永久,2155651.80,1,0690311,0690602,,王經治,台北市博愛路154號7樓,100,,,,,,,,"更換董事印鑑。
修改章程：第14條條文，本院68年法字第18號裁定准許。
董事任期3年連選得連任。",,,,,https://aomp109.judicial.gov.tw/judbp/whd6k/q/ldoAg88D6H0h93jrKfXo3MgAaVMULHClcPG2Pmd7gnvqp-zq8Hc=
069登000042,1,1,王維靜,845,0690311,0690311,0690311,39冊25頁,,,魏景蒙,財團法人陳香梅新聞獎學金基金會,0690311,台北市大理街132號,鼓勵青年學生參與新聞事業，培養優秀專案人才。,由陳香梅、中國時報等共同捐助,臺北市政府教育局中華民國69年1月10日北市教四字第60477號函,永久,1117000.00,1,0690311,0690602,,,,,,,,,,,,,,,,,https://aomp109.judicial.gov.tw/judbp/whd6k/q/w_Z9r1s-B_vS7_CP9VuAKhuZnE6EbVQBGYO-iGoVeqmxB5_qhS0=
069登000043,1,1,王維靜,846,0690313,0690313,0690313,39冊27頁,,,陳繼盛,財團法人勞工研究資料中心基金會,0690313,台北市北平東路24號7樓之1,以促進勞工學術之研究，培養勞工學術研究之人才，普及勞工教育及增進社會福利為宗旨。,由陳繼盛捐助,教育部中華民國69年2月4日台(69)高字第3479號函,永久,300000.00,1,0690313,0690602,,,,,,,,,,,,,,,,,https://aomp109.judicial.gov.tw/judbp/whd6k/q/8OYea-Ldm4Vjm2Qg6_xL19TCg5c40oT25QIuvBESZ4RmM-rl_ZU=
069登000044,1,2,王維靜,16,0690314,0690314,0690314,2冊6頁,1,,陳永祥,財團法人台灣電信協會,0401108,台北市長沙街2段1號,本會繼承管理前臺灣遞信協會及遞信職員共濟組合產業，舉辦員工福利事業，創辦或投資與電信有關之事業並以協助發展電信業務為宗旨。,"⑴與臺灣郵政協會共同繼承原財團法人臺灣遞信協會及原交通局遞信職員共濟組合所屬財產。⑵臺灣電信管理局奉准撥助之款項。⑶會員及各界之捐款。⑷ 投資收益。",交通部電信郵政總局會中華民國40年9月3日台字第996號指令,永久,286156289.00,1,0690314,0700620,,,,,,,,,,,,繼任董事印鑑。,,,,,https://aomp109.judicial.gov.tw/judbp/whd6k/q/45A45n0pOe7T-N1FFbWJg3RCaD2vZjVHxr1isRtYvzwwa3hFgw==
069登000044,1,2,王維靜,16,0690314,0690314,0690314,2冊6頁,1,,陳永祥,財團法人台灣電信協會,0401108,台北市長沙街2段1號,本會繼承管理前臺灣遞信協會及遞信職員共濟組合產業，舉辦員工福利事業，創辦或投資與電信有關之事業並以協助發展電信業務為宗旨。,"⑴與臺灣郵政協會共同繼承原財團法人臺灣遞信協會及原交通局遞信職員共濟組合所屬財產。⑵臺灣電信管理局奉准撥助之款項。⑶會員及各界之捐款。⑷ 投資收益。",交通部電信郵政總局會中華民國40年9月3日台字第996號指令,永久,286156289.00,1,0690314,0700620,,,,,,,,,,,,繼任董事印鑑。,,,,,https://aomp109.judicial.gov.tw/judbp/whd6k/q/PsFxL-MR4AMknrz_oIsCCn2lfjOUcTa8jV3fy7B1XGSUrpdQ0w==
069登000045,1,2,王維靜,599,0690317,0690317,0690317,31冊13頁,2,4,各董事,財團法人台北市私立中山小學,0630821,台北市木柵路1段292號,本財團設立之目的為供應中山小學所需之一切設備及經費。,捐助。,臺北縣政府中華民國50年10月13日北府文教二字第4747號令,永久,5868918.00,1,0690317,0690602,0690328,汪綏英,台北市木柵路1段292號,116,,,,,,,,更換董事印鑑。,,,,,https://aomp109.judicial.gov.tw/judbp/whd6k/q/oJ1zVsOSNVa_zS7_9vgTm_ixUdFA4cssIZROWjF_c8-ql9uz4sg=
069登000046,1,2,王維靜,57,0690318,0690318,0690318,4冊29頁,2,,魏助人,財團法人台灣基督教協同會,0470210,台北市青田街11巷8號,本會宗旨在傳揚及推進救主耶穌之福音及慈善事業，並為在美國新澤西州登記之基督教協同會在台灣推進其宗教傳教工作。,由美國新澤西州基督教協同會捐助,臺灣省政府中華民國46年11月28日(46)府民一字第113722號通知,永久,47459272.00,1,0690318,0690602,,,,,,,,,,,,更換董事印鑑。,,,,,https://aomp109.judicial.gov.tw/judbp/whd6k/q/z7jqKBx6SF0AGFoTPehfSyBwlpGn373mNo3tKGrNMS87469fTQ==
069登000047,1,2,王維靜,449,0690320,0690320,0690320,26冊13頁,1,2,各董事,財團法人台北市私立伯大尼育幼院,0610209,台北市木柵區保儀路1段129號,本院創辦目的，為本愛人濟世精神，收容雙親俱亡或只獨親乏人教養之貧困孤兒，培養其成為健全有為之公民，惟為收養之孤兒便於管理起見，入院年齡統限自四足歲至八足歲為止。,全部由國內外善心人士捐贈,臺北市政府社會局中華民國60年10月27日北市社四（立）字第18802號立案證書,永久,2610200.00,1,0690320,0690930,0690723,熊廣謀,台北市木柵區保儀路1段129號,,,,,,,,,更換董事印鑑。,,,,,https://aomp109.judicial.gov.tw/judbp/whd6k/q/EPu4NkZeNnd6qNbpo2cVECQvVqbx7k0RgZj5ZjgBE8LmzbsnOlg=
069登000048,1,2,王維靜,749,0690320,0690320,0690320,36冊13頁,2,2,陳啟章,財團法人中央銀行職工福利委員會,0670128,台北市羅斯福路1段2號（中央銀行總行內）,本會以辦理職工福利及互助事業為宗旨。,承受前中央銀行員工福利委員會歷年節餘款及依職工福利基金條例提撥福利金捐助,內政部中華民國66年5月27日(66)台內勞字第738536號函,永久,107309845.60,1,0690320,0690602,0690320,許明夫,台北市羅斯福路1段2號,100,,,,,,,,更換董事（委員）印鑑。,,,,,https://aomp109.judicial.gov.tw/judbp/whd6k/q/1DJIPxJdD_zYrJO_cfi7JBIHDSXwzxcQa_WJza-PIJLv1A9UB9Q=
069登000049,1,1,王維靜,847,0690321,0690321,0690321,39冊29頁,,,蕭　錚,財團法人亞洲土地改革與農村發展中心,0690321,台北市敦化南路1號土地改革紀念館10樓,本中心以協助推行本國及亞洲地區各國土地改革與農村發展業務為宗旨。,由台灣糖業股份有限公司、台灣省山地農政局、台灣省水利局、台灣省地政局、台灣土地銀行、台灣省農會、中華農工技術顧問公司、土地改革紀念館、中國地政研究所等共同捐助,內政部中華民國65年7月21日台內地字第690134號函,永久,500000.00,1,0690321,0690602,0690326,,,,,,,,,,,,,,,,https://aomp109.judicial.gov.tw/judbp/whd6k/q/13GgIasi8RMKz1X3bdOWtxEh-c7alVbJVLGHs4B1UaPmlDb2UBw=
069登000050,1,2,王維靜,303,0690324,0690324,0690324,21冊13頁,2,,王謀祥,財團法人臺灣基督長老教會馬偕紀念社會事業基金會,0560717,台北市中山北路2段92號,以耶穌基督救世之精神，推行醫療服務創辦社會事業，並培養醫務人員與醫學之研究，以非營利為宗旨。,由臺灣基督長老教會北部大會所捐助,臺灣省臺北市政府中華民國56年6月28日(56.)6.28府衛字第20551號通知,永久,307302185.00,1,0690324,0690602,,,,,,,,,,,,更換董事印鑑。,,,,,https://aomp109.judicial.gov.tw/judbp/whd6k/q/Ivsq3LkguDmjpFS84EcZJZ86LEVNAiu8skUkWRPRTS_4I87rj_A=
069登000056,1,2,王維靜,565,0690402,0690402,0690402,30冊5頁,2,3,各董事,財團法人中華藥學研究基金會,0630316,台北市羅斯福路4段24巷25號,發展新藥之研究。藥品品質管制方法之研究。改善環境污染之研究。接受其他機構之委託辦理一至三款及其他有關之研究事項。經由本研究所之努力，期能為國家培養人才，並藉以提倡學術研究風氣，避免人才外流，進而增進國民健康，造福人群。,由劉孔樂先生捐助。,行政院衛生署中華民國63年2月18日衛署藥字第35496號函,永久,50000.00,1,0690402,0690602,0690419,李　威,台北市羅斯福路4段24巷25號,,,,,,,,,更換董事印鑑。,,,,,https://aomp109.judicial.gov.tw/judbp/whd6k/q/GRxqcsn6J1LWbClEfJVq5iBU4me8XolJbFOw0Wkv9WhbQpeqh6s=
069登000057,1,2,把天展,572,0690402,0690402,0690402,30冊19頁,2,,各董事,財團法人過敏病防治基金會,0630425,台北市羅斯福路4段24巷25號,從事過敏及免疫之防治，其目的在增進國民健康、造福人群，主要任務包括研究過敏及免疫病之診斷、治療及預防。接受醫療團體委託訓練過敏及免疫科醫師、護士及技術員。接受醫師委託配製過敏原及免疫試劑。其他有關事宜。,由美國醫藥助華會捐助及盧致德、劉孔樂、韓韶華等三人共同捐助,行政院衛生署中華民國63年3月8日衛署醫字第38592號函,永久,50000.00,1,0690402,0690419,0690419,,,,,,,,,,,更換董事印鑑。,,,,,https://aomp109.judicial.gov.tw/judbp/whd6k/q/bcbqcO7x4ASQKmjVKPqXvlmbG3WqptNsVvVNlUy04yOWogo4X1M=
069登000060,1,2,王維靜,414,0690410,0690410,0690410,25冊3頁,2,4,各董事,財團法人陶聲洋防癌基金會,0600405,台北市羅斯福路3段277之3號4樓,以協助傳播防癌知識，贊助防癌活動為宗旨。,由啟業化工公司周煥章等二十單位共同捐助,內政部中華民國60年3月15日台內衛字第404643號通知,永久,10993694.00,1,0690410,0690602,,,,,,,,,,,,更換董事印鑑。,,,,,https://aomp109.judicial.gov.tw/judbp/whd6k/q/tW83Ulhi15O-G_JIfTdXg_DFfcZR_HiWMIWfgzWhqbs9V5VlMVU=
069登000061,1,2,把天展,671,0690411,0690411,0690411,33冊37頁,2,,各董事,財團法人林本源中華文化教育基金會,0650322,台北市泰順街62巷6號,本會以復興中華文化並協助發展文化教育事業為目的。,創辦基金由林柏壽先生捐助,教育部中華民國65年3月15日台(65)高字第6193號函,永久,3000000.00,1,0690411,0690423,0690423,,,,,,,,,,,更換董事印鑑。,,,,,https://aomp109.judicial.gov.tw/judbp/whd6k/q/0JzmMElNPMf7rvNWawF5BUhe4f8hpfZjawAveUL_zrjaqhzhiXM=
069登000063,1,1,王維靜,851,0690418,0690418,0690418,39冊37頁,,,蔡正義,財團法人台北工專建築教育基金會,0690418,台北市新生南路1段3號省立台北工專設計科,本會係為非營利組織，以獎勵學行特優及專業成績特優表現之台北工專建築科（組）在學同學，聯絡校友，研究建築技術，配合國策以發展建設工業為宗旨。,由董事及台北工專校友共同捐助,臺北市政府教育局中華民國69年3月25日北市教四字第11276號函,永久,237000.00,1,0690418,0690602,0690421,,,,,,,,,,,,,,,,https://aomp109.judicial.gov.tw/judbp/whd6k/q/2VzR3TpDV3x55D4zpimXtAH_OccdIrtZdY9NIYUexhHsdHy0De4=
069登000064,1,1,王維靜,852,0690421,0690421,0690421,39冊39頁,,,唐懋信,財團法人台北市基督徒福音出版社,0690421,台北市景美區羅斯福路5段45號2樓之2,本法人宗旨係宣揚基督福音闡明聖經真理出版書籍造就信徒並分贈萬民。,由主恩感動信徒捐助,臺北市政府中華民國69年4月14日69府新一字第12344號函,永久,300000.00,1,0690421,0690602,,蔣封婉,台北市羅斯福路5段47號2樓之2,116,,,,,,,,,,,,,https://aomp109.judicial.gov.tw/judbp/whd6k/q/4J0crgAaHt-TMRShfGVPdze32ndEGcjBIDHTY6cC_C_CKj_WOCg=
069登000065,1,3,王維靜,682,0690423,0690423,0690423,33冊59頁,1,,黃　杰,財團法人中國子學名著集成編印基金會,0650717,台北市安東街213號,本會以奉行總統　蔣公「整理文化遺產」「復興民族文化」之遺命，特編印「中國子學名著集成」，廣贈海內外各國著名大學圖書館及著名學術研究團體（其分贈辦法另定之），以發揮我國自先秦以來諸子百家之學術思想，普及流傳垂于久遠！期以繼志述業，而收文化復興之功為宗旨。,由林柏壽、台灣水泥公司、聯合報社、台北區合會公司、國賓大飯店、新光人壽保險公司、和泰汽車公司、中華開發信託公司、啟業化工公司、台灣電視公司等共同捐助,臺北市政府教育局中華民國65年5月31日北市教輝四字第15956號函,永久,2000000.00,1,0690423,0690423,,,,,,,,,,,"顧敦熙  會計師","解散原因：臺北市政府教育局中華民國69年3月14日北市教四字第9522號函以設立任務既已達成，准予撤銷登記，將原設立許可書繳回作廢。
清算人姓名及住所：顧敦熙會計師　　住所：台北市仁愛路4段12巷20弄2之2號3樓。　　事務所：台北市昆明街190號3樓。　　就任日期：中華民國69年4月16日。",,,,,https://aomp109.judicial.gov.tw/judbp/whd6k/q/RHMQOxGB4NpBBB7iGeIGvjwnAssByEs0Uukq6BvKjQNrAKfW_hY=
069登000066,1,2,王維靜,465,0690423,0690423,0690423,26冊45頁,2,6,各董事,財團法人台北市私立友好復健技藝社,0610628,台北市新生南路2段50之1號,主辦傷殘職訓，協助傷殘同胞生產就業為目的。,由台北市國際獅子會西區分會等機構捐助,臺北市政府社會局中華民國60年2月16日北市社四字第2730號通知,永久,886644.00,1,0660423,0690602,0690510,任仲豪,台北市三民路40巷10之5號,105,,,,,,,,"主事務所：台北市新生南路2段50－1號；分事務所及復健工廠：台北縣新店鎮北新路1段86巷10弄6－8號。
更換法人印鑑及新任董事蔡漢賢、龔式谷印鑑。
董事任期、限制董事代表權者其限制：任期2年、連聘得連任。",,,,,https://aomp109.judicial.gov.tw/judbp/whd6k/q/DxIdbS3JA8VbJ5bdgEyOr0T6DK_GjgI1udneNLAiq-5pjsVYoYY=
069登000067,1,2,王維靜,684,0690423,0690423,0690423,34冊3頁,2,2,陳政弘,財團法人台北市基督教靈友雙月刊雜誌社,0650907,台北市泰順街26巷22號,本社為基督徒所組成非營利組織。以發行靈友雙月刊雜誌，為宗旨。,由陳政弘、張思忠、吳保星、葉蒼榮、周英明等共同捐助,臺北市政府中華民國65年8月23日65府新一字第37190號函,無限期,743713.00,1,0690423,0690602,0690516,"王存淦  律師",台北市羅斯福路3段100號3樓之15,,,,,,,,,,,,,,https://aomp109.judicial.gov.tw/judbp/whd6k/q/Mw-ETiF9QvfsnnrArfS_B1QzFFVNdVHvJQNQQl1Yny-LMj2-8Xw=
069登000068,1,2,王維靜,439,0690423,0690423,0690423,25冊53頁,1,3,蕭政之,財團法人台北高爾夫俱樂部,0601120,台北縣汐止鎮烘內路102號,本財團以提倡高爾夫球運動及其他體育活動，並襄助社會公益及經營示範農場與園藝研究為目的。,由袁樸、汪治隆、高湯盤、王昇、洪禮峰、應昌期、張芳爕、曹仲植、蔡萬春、徐鳳鳴等共同捐助,臺北市政府教育局中華民國60年11月1日(60)北市教輝四字第013號許可證書,永久,38625903.00,1,0690423,0690602,0690503,"杜承唐  律師",台北市重慶南路2段21號2樓之7,100,"姜玲玉  律師",台北市重慶南路2段21號2樓之7,100,,,,,更換董事印鑑。,,,,,https://aomp109.judicial.gov.tw/judbp/whd6k/q/9PBbp-x-ZWlmw5Of1KH-T-I--FBal8qBg5k5kLABo1R2VdomWZY=
069登000069,1,2,王維靜,374,0690426,0690426,0690426,23冊41頁,2,3,張明哲,財團法人台北市基督教校園福音團契,0590127,台北市羅斯福路4段22號,本會宗旨在信奉基督，宏揚教義，帶領青年人信主，使之努力向善。,由郝益民捐助,臺北市政府民政局中華民國59年1月8日59.1.8.府民一字第982號通知,永久,11114455.53,1,0690426,0690930,,沈志堅,台北市羅斯福路4段22號,,,,,,,,,更換董事印鑑。,,,,,https://aomp109.judicial.gov.tw/judbp/whd6k/q/mGcSvh6dposgdxDLHhw-vsILwIA3sRLqWW3HCRH4ME2Tm3wdm0s=
069登000070,1,2,王維靜,494,0690506,0690506,0690506,27冊43頁,2,2,李品仙,財團法人馬君武博士獎學金,0620209,台北市南海路37號,為紀念已故黨國元老、國立廣西大學校長馬君武博士勛績德業。,馬君武博士生前友好人士及團體捐贈,教育部中華民國62年1月30日台(62)高字第2846號函,永久,1235781.00,1,0690506,0690930,0690604,林誠華,台北市南海路37號,100,,,,,,,,"財產總額：新台幣123萬5,781元正。
董事任期、限制董事代表權者其限制：任期3年、連選得連任。
更換法人及董事印鑑。
修正捐助及組織章程名稱及第9條、第14條，業經臺灣臺北地方法院於中華民國68年12月10日68年法字第31號民事裁定准予變更。",,,,,https://aomp109.judicial.gov.tw/judbp/whd6k/q/BHX8teafWGhtu0r2bmgndNWNqUySi2fNjF--tEB7EuzGOmJzF_A=
069登000071,1,2,王維靜,501,0690506,0690506,0690506,27冊57頁,2,,各董事,財團法人長庚紀念醫院,0620326,台北市敦化北路199號,本院不以營利為目的，從事醫療事業，促進社會公益福利為宗旨。,由王永慶先生等捐助。,行政院衛生署中華民國62年3月8日衛署醫字第20694號函,永久,835884449.00,1,0690506,0690602,0690519,林敏雄,台北市敦化北路199號,105,,,,,,,,"董事任期、限制董事代表權者其限制：任期3年連選得連任，其任期屆滿而不及改選時得延長執行職務至改選董事就任時為止。
更換法人及董事印鑑。
修正捐助及組織章程第2條、第3條、第7條，經臺灣臺北地方法院於中華民國67年7月29日67年法字第24號民事裁定准予變更。",,,,,https://aomp109.judicial.gov.tw/judbp/whd6k/q/fBTHlZDOwGA7MPfraHCukyaW_bPvab-7-oImmFd7tjrBHZF9SSE=
069登000072,1,2,王維靜,566,0690506,0690506,0690506,30冊7頁,2,2,鮑朝橒,財團法人台灣省私立鮑氏慈善事業基金會,0630323,台北縣三重市重安街10號,以舉辦社會公益、福利及獎助教育等事業及符合本章程第五條所載各項規定為目的。,董事共同捐助,臺灣省政府社會處中華民國63年2月16日社五字第5943號函,永久,61195462.77,1,0690506,0690602,0690519,,,,,,,,,,,"董事任期、限制董事代表權者其限制：任期3年、連聘得連任。
更換法人印鑑。
修正捐助暨組織章程之名稱及第2條、第3條、第5條第2、3、4款、第9條第1款、第10條、第12條、第13條、第14條、第17條、第18條、第19條、第21條經臺灣臺北地方法院69年4月12日69年法字第5號民事裁定准予變更。",,,,,https://aomp109.judicial.gov.tw/judbp/whd6k/q/w2CFY0CBdAjMNtrWi2OHJnAqyyFvAqGVZ4XEK33A8wRkhN-KdUo=
069登000073,1,2,王維靜,194,0690508,0690508,0690508,14冊7頁,2,4,各董事,財團法人台北市私立祐德中學,0520923,台北市松山路249巷123號,本會以創辦台北市私立祐德中學並謀其發展為目的。,由創辦人張瑟音女士及全體董事捐贈。,臺灣省政府教育廳中華民國52年8月7日教二字第03046號函,永久,17416262.00,1,0690508,0700218,,,,,,,,,,,,"更換法人印信及董事印鑑。
設立許可機關及年月日：臺灣省臺北縣政府中華民國52年8月12日北府文教一字第97391號令轉准臺灣省政府教育廳(52)8.7教二字第03046號函。
董事任期、限制董事代表權者其限制：任期3年，連選得連任。",,,,,https://aomp109.judicial.gov.tw/judbp/whd6k/q/TJBOU9Fqis54VyC3fuki0Ff70f2DiTZhNl0j6JNgaKNIPD15CCY=
069登000074,1,2,王維靜,544,0690508,0690508,0690508,29冊23頁,2,2,各董事,財團法人中華民國航運學會,0621004,台北市仁愛路2段10號之1,本財團法人以促進航運事業、研究航海技術、普及航運知識、提倡海洋建設為目的。,捐贈,內政部中華民國62年8月31日台內社字第542250號函,永久,570000.00,1,0690508,0690602,0690520,,,,,,,,,,,更換董事印鑑。,,,,,https://aomp109.judicial.gov.tw/judbp/whd6k/q/aFXG3VKrQ4WjiXQw6SL2ua53wmOeqW4hlGtCJhs9Q2ohuC4mOSY=
069登000075,1,3,王維靜,237,0690509,0690509,0690509,17冊3頁,1,6,各董事,財團法人中華民國國貨舘,0540305,台北市西寧南路62號國貨大樓5樓,本舘以提倡國貨，加强宣傳，拓展外銷，改進品質，陳列新產品，及有關服務事宜為目的。,由台灣水泥公司及四十八年國產商品展覽會等共同捐助,經濟部中華民國49年8月10日經台(49)商字第11032號代電,永久,8838161.10,1,0690509,0690509,,"陳秋芳  會計師",台北市西寧南路62號國貨大樓5樓（致遠聯合會計師事務所）,108,,,,,,,黃綿綿,"解散原因：該財團法人經該董事會於69年元月26日決議聲請辦理解散登記，並經目的事業主管機關經濟部69年3月23日經(69)商字第9214號函准在案。
清算人：黃綿綿住台北市西寧南路62號國貨大樓5樓，陳秋芳會計師住同右。",,,,,https://aomp109.judicial.gov.tw/judbp/whd6k/q/-BiLeUTThnyAvRe6PcoJDbOzz3raexxFBEyUWFD1eG8oXE7OpeI=
069登000076,1,1,王維靜,853,0690512,0690512,0690512,39冊41頁,,,蔡　能,財團法人台灣區鰻魚價格平準基金會,0690512,台北市忠孝東路1段8號,本會為安定台灣區鰻魚外銷，保障鰻魚業者合理利益，於鰻魚外銷時，按照出口數量定額認捐，以為鰻魚價格平準之基金。,由台灣區鰻魚輸出業同業公會、台灣省鰻魚生產合作社聯合社、台灣區冷凍水產工業同業公會冷凍烤鰻加工小組等共同捐助,經濟部中華民國69年4月26日經(69)農字第13207號函,永久,240000.00,1,0690512,0690930,0690519,,,,,,,,,,,,,,,,https://aomp109.judicial.gov.tw/judbp/whd6k/q/6JVUYGqYapYjh_-KmEbSWGmzJ_lg4XTkEnSTL3IGoycxBmpkc-4=
069登000079,1,1,王維靜,856,0690514,0690514,0690514,39冊47頁,,,劉源俊,財團法人台北市松竹梅文化基金會,0690514,台北市開封街2段24號1樓,本會係為非營利組織，以加强推展國內外各種反共愛國文教活動及促進國際對我國反共闘爭之瞭解與支持為宗旨。,由劉源俊、陳義揚、王顯達、吳定、許智偉、歐茵西、李偉成、謝正一、蔣家興、郁慕明、童兆陽、蕭行易、粟明德、葉潛昭、熊光濱、郝俠遂、劉平衡、胡守衡、林明德、魏萼等共同捐助,臺北市政府教育局中華民國68年10月17日北市教四字第44359號函,永久,500000.00,1,0690514,0690930,0690519,,,,,,,,,,,,,,,,https://aomp109.judicial.gov.tw/judbp/whd6k/q/jkzs5MsvCnXqXCRbM6JqyPovYVLotCEmjDxHEoSFd6gSb1UeKVg=
069登000081,1,2,王維靜,27,0690516,0690516,0690516,2冊28頁,2,,韓恒德,財團法人美南浸信會台北市事務所,0430812,台北市懷寧街47號之1,本會宗旨在研討企劃並推行基督教教義於台灣省勉勵教友崇信上帝,美南浸信會捐助,臺灣省政府中華民國43年1月10日(43)府民一字第14900號通知,永久,317189512.00,1,0690516,0690930,,"蔡六乘  律師",台北市懷寧街47號之1,100,,,,,,,,更換董事印鑑。,,,,,https://aomp109.judicial.gov.tw/judbp/whd6k/q/hCmeb6Ih81Y1JskaSRlusGWqQ59FGy1KrM4ToUAiIj1afQ2T_A==
069登000082,1,1,王維靜,858,0690519,0690519,0690519,39冊51頁,,,姜紹勲,財團法人台北市中華基督教浸信會信德堂,0690519,台北市敦化南路552號,本教會係根據新舊二約聖經真道，以聯合信徒敬拜真神，遵守主道，培養靈命，宣傳福音，普救世人，直到主來；並辦理社會服務，救濟等事業為宗旨。,現金為原存經費、土地及房屋為財團法人美南浸信會台北市事務所捐助,臺北市政府民政局中華民國69年5月2日北市民三字第3528號函,永久,13163304.00,1,0690519,0690930,0690523,姜敬哲,台北市敦化南路552號,106,,,,,,,,,,,,,https://aomp109.judicial.gov.tw/judbp/whd6k/q/sFR3T4izc7wG4oHrkGFp-0PzZJfgN2CM2316u0rLnvF6o6MCBGg=
069登000083,1,2,王維靜,714,0690521,0690521,0690521,35冊3頁,2,3,李天智,財團法人台北市私立忠義育幼院,0660602,台北市景美區景美街3巷11之3號,本財團以創辦私立忠義育幼院托兒所並謀其發展為目的。,由劉德岑女士及李天智出資創辦各董事贊助社會人士自由捐助。,臺北市政府社會局中華民國59年8月16日北市社四（立）字第14799號立案證書,永久,6409758.00,1,0690521,0690930,0690523,,,,,,,,,,,更換董事印鑑。,,,,,https://aomp109.judicial.gov.tw/judbp/whd6k/q/Xkr95dY5jpgQsKgeT0kyLdbHeftXrO1o4qlq_Lh2iCG_LCcoAcQ=
069登000084,1,2,王維靜,603,0690521,0690521,0690521,31冊21頁,2,7,鞏青祥,財團法人台北市私立雅禮補習學校,0630916,台北市汀州路696號,本財團以創辦私立雅禮補習學校并謀其發展為目的。,由劉家駿先生捐助,教育部中華民國46年5月2日台(46)社字第5620號令,永久,7540420.00,1,0690521,0690930,0690716,袁昌慶,台北市汀州路696號,,,,,,,,,更換董事印鑑。,,,,,https://aomp109.judicial.gov.tw/judbp/whd6k/q/KNAEOmNqiy_5O2_QrCWFZCwxLBpQItD2qbxBJu8APvKglaQUkDo=
069登000085,1,2,王維靜,171,0690521,0690521,0690521,12冊17頁,2,7,各董事,財團法人台北市私立育達高級商業職業學校,0510805,台北市寧安街12號,本會以創辦私立育達高級商業家事職業學校暨附設育達商業職業補習學校並謀其發展為目的。,由創辦人王廣亞捐助,臺灣省政府教育廳中華民國44年10月24日(44)教三字第45087號令,永久,124689658.70,1,0690521,0690930,,陳鴻慶,台北市寧安街12號,105,,,,,,,,更換董事印鑑。,,,,,https://aomp109.judicial.gov.tw/judbp/whd6k/q/wG35kVtC8s_7Remd4ovOIqLH-bO28wThelSyMcrS6cy569iJn3I=
069登000087,1,2,王維靜,342,0690523,0690523,0690523,22冊31頁,2,2,各董事,財團法人亨德先生獎學基金,0571223,台北市南海路37號,本會基金係以獎助攻讀大專院校畜牧獸醫學生為目的。,享德先生生前友好人士捐贈,教育部中華民國57年8月8日台(57)高字第19038號令,永久,440277.10,1,0690523,0690930,,林誠華,台北市南海路37號,100,,,,,,,,"財產總額：新臺幣44萬277元1角正。
更換法人及董事印鑑。
變更捐助及組織章程：增列第8條條文，並將原有第8條、第9條順移為第9條、第10條，將原第10條條文予以變更，業經本院民事庭於69年2月29日69年（法）字第4號民事裁定准許在案。
董事任期、限制董事代表權者其限制：第1屆董事長由亨德夫人指定外其餘本會董事由董事長就熱心畜牧獸醫工作人士遴聘之。",,,,,https://aomp109.judicial.gov.tw/judbp/whd6k/q/NLpTiPHZgU2xNKx7pW2lp5R8G7vhcByPtIVRnvIaD0tYXpO6DPU=
069登000091,1,2,王維靜,730,0690529,0690529,0690529,35冊35頁,1,1,陳嗣鈞,財團法人台北市松山寺,0661029,台北市吳興街284巷17之1號,本財團供奉佛祖釋迦牟尼佛為本尊，以宣揚佛教教義，擴大佛教道場，興辦佛教文化事業，淨化人心及社會慈善救濟事業為宗旨。,自由捐助,臺北市松山區公所中華民國66年10月5日(66)北市松民字第19766號函,永久,4900000.00,1,0690529,0690930,,,,,,,,,,,,更換法人印鑑。（遺失圖記已登報聲明作廢）,,,,,https://aomp109.judicial.gov.tw/judbp/whd6k/q/YOyA5pHLjUsKYKLliv5z6IXPBsTzqfKhv15tcxLc1fsOo1w4jD4=
069登000093,1,2,王維靜,689,0690602,0690602,0690602,34冊13頁,2,2,何縱炎,財團法人應雲崗先生紀念基金會,0651007,台北市延平南路128號,本會宗旨以擧辦或協助文化、教育、科技發展等事業及擧辦獎助學金、學生貸款，俾對國家建設有所貢獻為目的。,由應鶴山、鶴齡、鶴鳴兄弟及其家族捐獻,教育部中華民國65年8月9日台(65)高字第20762號函,永久,8142866.00,1,0690602,0690930,0690722,盧泮游,台北市延平南路128號,100,,,,,,,,更換董事印鑑。,,,,,https://aomp109.judicial.gov.tw/judbp/whd6k/q/AO5SXZAWKu-UwJDm1xFyTgqOup3-4bF8wJuXdrqgn-pyRRcwL-I=
069登000094,1,2,王維靜,197,0690606,0690606,0690609,14冊13頁,1,,各董事,財團法人中華電腦中心,0521011,台北市中正區羅斯福路1段1號,本中心以發展資訊工業，推廣運用資訊處理設備，從事資訊軟體設計訓練資訊工業有關人才接受資訊處理之委託工作，引進提供國際遠程資訊處理與網路服，必要時，投資資訊事業，俾配合政府發展資訊工業，政策為宗旨。,由行政院美援運用委員會捐助,經濟部五十二年九月二十五日　經台︵五二︶統字第一四一三六號函,永久,143929727.00,1,0690606,0690930,,羅國倫,台北市中正區羅斯福路1段7號6樓,100,,,,,,,,繼任董事印鑑。,,,,,https://aomp109.judicial.gov.tw/judbp/whd6k/q/l0AlY58heQSEvnJ1YVzXOCadKglnj8JYNJoSYOM7A0sH7oZoeug=
069登000095,1,2,王維靜,337,0690607,0690607,0690607,22冊21頁,2,4,張國訓,財團法人臺灣省台北縣中華基督教長老會國語禮拜堂,0571024,台北縣新店鎮北宜路1段114巷6弄8號,本會以在台灣省台北縣各地傳播基督教教義辦理社會救濟及社會教育事業為宗旨。,由教友自由樂捐,"台北縣政府五十七年九月二七日  北縣民(一)字第二九號許可證書。",永久,486800.00,1,0690607,0690930,,,,,,,,,,,,更換董事印鑑。,,,,,https://aomp109.judicial.gov.tw/judbp/whd6k/q/eq5ltgUuKYHyx6_STKZgQUaHK7wRq31SiCLpahzIC1jZqulq8-s=
069登000096,1,2,王維靜,181,0690609,0690609,0690609,13冊7頁,2,8,各董事,財團法人台北市私立強恕高級中學,0511222,台北市汀州路415號,以創辦台北市私立強恕高級中學並謀其發展為目的。,1.政府補助。2.董事捐獻。3.社會樂捐。,"教育部三十九年一月三十一日 台中字第四八五號代電電准備案",永久,49511050.54,1,0690609,0690930,,蔣志桐,台北市汀州路415號,100,,,,,,,,更換董事印鑑。,,,,,https://aomp109.judicial.gov.tw/judbp/whd6k/q/LSAOaawUYIfql_V28F19O3Ds8gN95K5a344GlUGQM204ZRmbBx0=
069登000098,1,1,王維靜,862,0690613,0690613,0690613,39冊59頁,,,辛麗莉,財團法人台北市基督教女教士差會,0690613,台北市中山區龍江路53號,本會宗旨係本基督救世之精神，在台北市內傳播基督福音及辦理有關社會慈善公益事業。,由財團法人臺灣省花蓮縣基督教女教士差會捐助土地及房屋,臺北市政府民政局中華民國69年6月5日北市民三字第5069號函,永久,1932959.80,1,0690613,0700620,0690616,,,,,,,,,,,,,,,,https://aomp109.judicial.gov.tw/judbp/whd6k/q/cpDlbHolYmwCwqYDQqF9w9kKpT-0rDwcAztFj8pFhR2Lhq_QZrw=
069登000099,1,2,王維靜,416,0690616,0690616,0690616,25冊7頁,2,3,田世海,財團法人台北市華嚴寺,0600417,台北市士林區後港七街290號,以宏揚佛陀教義，勸導國民行善，促進地方公益，慈善事業以發揮佛陀無畏救世精神為宗旨。,由釋隆泉法師捐助,陽明山管理局中華民國60年3月18日陽明政基字第584號許可證書,永久,8761140.00,1,0690616,0690930,,,,,,,,,,,,"法人印信變更及董事印鑑。
董事任期、限制董事代表權者其限制：董事任期為3年，本寺所有財產即為寺產，不得移作私用，不動產之贈購或處分應經信徒大會之決議。",,,,,https://aomp109.judicial.gov.tw/judbp/whd6k/q/pvz6-yC0LWRbQl_-jKz18XUdMwwg8mAxQ1Lf739hpwNrFejzVFE=
069登000102,1,1,王維靜,865,0690624,0690624,0690624,40冊5頁,,,陳勉修,財團法人世華聯合商業銀行文化慈善基金會,0690624,台北市永綏路10號,本基金會以從事社會文化慈善事業為目的。,本基金來源由世華聯合商業銀行每年於營業盈餘提撥百分之五捐贈之,臺北市政府教育局中華民國69年4月3日北市教四字第8272號函,永久,10000000.00,1,0690624,0690930,0690627,,,,,,,,,,,,,,,,https://aomp109.judicial.gov.tw/judbp/whd6k/q/AlzK8s-ONtArtSs_3qF3yCxwmbwtJbDFx1dBxjcpUommHpbV6VU=
069登000104,1,2,王維靜,710,0690626,0690626,0690626,34冊55頁,2,2,吳　勇,財團法人台北基督徒林森南路禮拜堂,0660411,台北市林森南路2號地下室,本法人以管理運用台北基督徒林森南路禮拜堂所有一切財產，使信徒獲得靈性長進及廣傳耶穌基督救世福音，並推動社會福利及公益事業為宗旨。,本堂信徒及其他基督教會團體或個人奉獻。,臺北市政府城中區公所中華民國66年3月23日北市城民字第3658號函,永久,4477942.00,1,0690626,0690930,0690630,胡勁奇,台北市林森南路2號地下室,100,,,,,,,,更換董事印鑑。,,,,,https://aomp109.judicial.gov.tw/judbp/whd6k/q/Io2_srIugODBqszUMdyw-1QNWmwVNNqd7_b0wWtOhzgWwJXzYjI=
069登000105,1,2,王維靜,596,0690627,0690627,0690627,31冊7頁,1,1,林柏壽,財團法人柏壽獎學金基金會,0630803,台北市中山區中山北路2段113號,以獎助台灣水泥公司正式職工子女就學者。,本會基金係林柏壽（季丞）私人捐助,臺北市政府教育局中華民國63年6月13日北市教輝四字第14202號函,永久　,5000000.00,1,0690627,0690930,0690823,"蔣世棟  會計師",台北市仁愛路4段37號仁愛大廈Ｄ座8樓（眾信聯合會計師事務所）,,,,,,,,,"財產總額：新台幣500萬元。
更換董事印鑑。",,,,,https://aomp109.judicial.gov.tw/judbp/whd6k/q/WfxlInfdk9oz1r1xDtLOBwgzztENJns_7boOY8kThNaxo6WxDq0=
069登000106,1,2,王維靜,408,0690701,0690701,0690701,24冊51頁,2,4,賴俊明,財團法人臺灣基督長老教會雙連教會,0600202,台北市中山北路2段111號,以傳揚基督引人歸主並舉辦傳教、慈善及育英等公益事業為宗旨。,由教會會員捐獻,臺北市政府民政局中華民國60年1月25日北市民一字第1024號通知,永久,50000000.00,1,0690701,0690930,,潘姝妙,台北市中山北路2段111號,104,,,,,,,,更換董事印鑑。,,,,,https://aomp109.judicial.gov.tw/judbp/whd6k/q/ZXrVykN8DybRcK6pu1QEN7U-5QJAvUIEIAFLQoCLAk4-MVI2CNI=
069登000107,1,2,王維靜,394,0690702,0690702,0690702,24冊23頁,2,4,各董事,財團法人榮民產品供銷中心,0590916,台北市忠孝東路4段176號5樓,推廣榮民產品，發展其國內外市場。供應與引介榮民生產所需之原料。提供榮民生產單位經營建議，改良及增加榮民產品之生產。協助榮民生產單位運用技術合作，提高榮民產品品質。轉投資安置榮民之生產事業單位。接受政府機關或社團之委託，辦理收購或經銷業務。,由行政院國軍退除役官兵輔導委員會捐助,行政院國軍退除役官兵輔導委員會中華民國59年4月8日(59)輔人字第4367號令,永久,5000000.00,1,0690702,0690930,,"江顯榮  律師",台北市長春路118號3樓,,,,,,,,,更換董事印鑑。,,,,,https://aomp109.judicial.gov.tw/judbp/whd6k/q/JQutEm9DiT-Y2k3Rmzcysfa7iQpLaFSVDbUJemUSYsXjpUkPZRM=
069登000108,1,2,王維靜,73,0690705,0690705,0690705,6冊1頁,2,18,各董事,財團法人台灣省政府交通處鐵路管理局職工福利委員會,0480204,台北市塔城街11巷2號,㈠關於全體職工福利事業推行計劃之擬訂及督導事項。㈡關於職工福利金之籌劃保管及運用事項。㈢關於職工福利事業經費預決算之編擬及分配稽核與收支報告事項。㈣關於日據時期台灣總督府交通局台灣鐵道共濟組合財產及其福利事業之接辦事項。㈤其他有關職工福利事項。,⒈由管理局依照職工福利條例之規定提撥其辦法由管理局與鐵路工會商定後呈奉臺灣省政府核備有案。⒉接管日據時期臺灣總督府交通局臺灣鐵道共濟組合財產。⒊接管前本局員工福利委員會之資金。,臺灣省政府社會處中華民國46年6月15日社勞福字第6號登記證,永久,132377093.20,1,0690705,0690930,,,,,,,,,,,,更換董事印鑑。,,,,,https://aomp109.judicial.gov.tw/judbp/whd6k/q/k1fpJpSVruPZjVemaaBzZpfbsqOaGhM2rA04S83uKfGI82dlYA==
069登000110,1,2,王維靜,220,0690709,0690709,0690709,15冊29頁,2,3,鄭　濂,財團法人台灣基督教福音貴格會,0530716,台北市南港區興南路28號,本會以在台灣省各地設立教會、宣傳福音真理、舉辦宗教教育、以及慈善公益等事業為宗旨。,捐助,臺灣省臺北縣政府中華民國53年5月25日北府三民字第42008號通知,永久,700000.00,1,0690709,0690930,,,,,,,,,,,,"更換董事印鑑。
設立許可機關及年月日：臺北縣政府中華民國53年5月25日北府三民字第42008號通知。",,,,,https://aomp109.judicial.gov.tw/judbp/whd6k/q/wmY4J-_jcB55H5uPM7EKTyPz9eP0xr072tqQJTVtVwWjIF5pGls=
069登000111,1,1,王維靜,868,0690709,0690709,0690709,40冊11頁,,,各董事,財團法人桂山眼科教育研究基金會,0690709,台北市常德街1號台大醫院眼科,本會為非營利機構，以提高我國眼科教學與學術研究水準，增進社會福利為宗旨。,經由籌備委員會勸募，接受個人及團體之捐款,教育部中華民國69年6月2日台(69)高字第16347號函,永久,430000.00,1,0690709,0690930,,李麗芳,台北市昌吉街67巷6號,103,,,,,,,,,,,,,https://aomp109.judicial.gov.tw/judbp/whd6k/q/IVdTTP91tmRYvwh41FZYro1ygcntDE-tvO9tmxIJWPLno0NKnWk=
069登000112,1,2,王維靜,27,0690712,0690712,0690712,2冊28頁,1,,韓恒德,財團法人美南浸信會台北市事務所,0430812,台北市懷寧街47號之1,本會宗旨在研討企劃並推行基督教教義於台灣省勉勵教友崇信上帝。,美南浸信會捐助,臺灣省政府中華民國43年1月10日(43)府民一字第14900號通知,永久,317394550.60,1,0690712,0690930,,"蔡六乘  律師",台北市仁愛路4段25號鴻霖大廈7Ａ,,,,,,,,,,,,,,https://aomp109.judicial.gov.tw/judbp/whd6k/q/-o_gllo2UCLnrraAbv9c4YZ7jWqZ_5ZuiRUj-nspSac6iyaZMw==
069登000114,1,2,王維靜,797,0690723,0690723,0690723,37冊49頁,2,2,各董事,財團法人浩然基金會,0680212,台北市忠孝東路4段290號11樓,本會以獎助文教慈善事業為目的。,由殷之浩先生及大陸工程股份有限公司共同捐助,臺北市政府教育局中華民國67年12月23日北市教四字第58660號函,永久,9000000.00,1,0690723,0690930,0690728,汪乾月,台北市忠孝東路4段290號11樓,,,,,,,,,更換董事印鑑。,,,,,https://aomp109.judicial.gov.tw/judbp/whd6k/q/GJfjM4Ep73iF04pt-AYtzVT8FiBdxkB6YKiiA6-62kgVhJBRzAI=
069登000115,1,2,王維靜,347,0690730,0690731,0690731,22冊41頁,2,3,朱福生,財團法人台北市營造會舘,0580206,台北市延平南路86號,本會館以增進營造會員之聯繫並同謀會員之福利為宗旨。,由台北市營造業福利會捐助,臺北市政府中華民國57年2月29日(57)2.29府工建字第59513號通知,永久,988500.00,1,0690731,0690930,,林永清,台北市延平南路86號,100,,,,,,,,董事任期、限制董事代表權者其限制：任期4年、連選連任。,,,,,https://aomp109.judicial.gov.tw/judbp/whd6k/q/boAdfW-lhnrWhJWDe7g67AE7xSgetaeLv1XCIhnJw8ZQkyykkp8=
069登000116,1,2,王維靜,632,0690731,0690731,0690731,32冊19頁,2,2,周丁貴,財團法人臺灣省臺北縣新店鎮太平宮,0640426,台北縣新店鎮太平路43號,本財團法人以維護中華文化，增進社會福利，以宏揚道教信仰真理為目的。,信徒捐獻。,臺北縣政府中華民國64年4月11日(64)北縣民㈠字第49號許可證書,永久,12751800.00,1,0690731,0690930,0690821,,,,,,,,,,,更換董事印鑑。,,,,,https://aomp109.judicial.gov.tw/judbp/whd6k/q/rNWwNPEB459a0uApFzLeySSRE_P_2ONffAjehhBLYIHFvTFtJb8=
069登000117,1,2,王維靜,704,0690731,0690731,0690731,34冊43頁,2,8,張添根,財團法人國產汽車股份有限公司永太貿易股份有限公司聯合職工福利委員會,0660228,台北市南京東路2段169號,本會為謀國產汽車、永太貿易股份有限公司職工之福利，並改善其生活為目的。,依據職工福利金條例提撥,台北市政府社會局五十八年三月　北市財團法職福字第０九一號函,永久,28138428.17,1,0690731,0690930,0690808,廖武雄,台北市南京東路2段169號,104,,,,,,,,更換董事印鑑。,,,,,https://aomp109.judicial.gov.tw/judbp/whd6k/q/vEkfVQOSi2yfVreRMA2uFbMqMxPd7PkVBKK27bwUZMues3y0xHg=
069登000118,1,2,王維靜,713,0690802,0690802,0690802,35冊1頁,2,2,各董事,財團法人徐元智先生醫藥基金會,0660531,台北市延平南路128號,本會以自建醫院、急診援助、貧病義診，及獎勵醫藥方面研究、發明；不以營利而以服務人群，俾對國家、社會有所貢獻為宗旨。,由徐有庠、何縱炎、王叔朋、徐渭源、黃應冲、徐旭東、楊明德、徐旭時、席家宜、徐旭松、俞慰三等共同捐助,行政院衛生署中華民國66年4月29日衛署醫字第146888號函,永久,13000000.00,1,0690802,0690930,0690808,盧泮游,台北市延平南路128號,100,,,,,,,,更換董事印鑑。,,,,,https://aomp109.judicial.gov.tw/judbp/whd6k/q/2Do3LSajRh8G6tS7R-h_aoXjCoiM8yhWRXxPU7E_lTMEyPrWAsY=
069登000119,1,1,王維靜,869,0690804,0690804,0690804,40冊13頁,,,金克和,財團法人壬子助學基金會,0690804,台北市寧波西街118號1樓,本基金創辦人即捐助人王德溥（潤生）先生，實行個人節約資助清寒有志青年專習哲理或國學，著重人格教育之養成，藉達其育賢報國之宿願而創設。,由王德溥捐助,臺北市政府教育局中華民國69年4月9日北市教四字第8392號函,永久,397837.80,1,0690804,0690930,0690809,林欽哲,台北市寧波西街118號1樓,100,,,,,,,,,,,,,https://aomp109.judicial.gov.tw/judbp/whd6k/q/4qLOF68BguIsN02Kiy5RO4KBu4Bw52ciZAQFZDw6l_eeLIW59Co=
069登000120,1,2,王維靜,675,0690804,0690804,0690804,33冊45頁,2,2,楊濟華,財團法人宏恩綜合醫院,0650421,台北市仁愛路4段71巷1號,本財團法人以服務社會、嘉惠病患、增進地方公益、研究醫療學術、加强國民保健為目的。,由楊濟華等人及財團法人宏恩醫院捐助。,行政院衛生署中華民國64年12月11日衛署醫字第87023號函,永久,11442109.32,1,0690804,0690930,0690822,戴咸生,台北市仁愛路4段71巷1號,,,,,,,,,"主事務所：台北市仁愛路4段71巷1號（含同段35巷3弄6號及同段61號）。
變更捐助章程：變更修正原捐助章程為1至16條，於69年7月10日經本院69年度法字第27號民事裁定准予變更。
更換董事印鑑。",,,,,https://aomp109.judicial.gov.tw/judbp/whd6k/q/scqr_j79h-Cl7FN5DOSDhdzTiPAh-9PdjKL3DS1Q6m7JvAa14mQ=
069登000122,1,1,王維靜,871,0690806,0690806,0690806,40冊17頁,,,羅　光,財團法人輔仁大學于野聲校長獎助學金管理委員會基金會,0690806,台北市吉林路37號,本會設立宗旨為紀念輔仁大學故野聲校長及獎助優秀清寒學生特設立本會。,由天主教會、治喪會及野聲校長獎助學金管理委員會先行捐助嗣後得視需要情況對外認捐,臺北市政府教育局中華民國69年7月19日北市教四字第31994號函,永久,1710806.00,1,0690806,0690930,0690809,胡海東,台北市吉林路37號,104,,,,,,,,,,,,,https://aomp109.judicial.gov.tw/judbp/whd6k/q/6uDf8QCUgTAaKy3lGcXRz1M7I47cpAfX-YD2r2shcFNeWPz-MZ0=
069登000124,1,2,王維靜,654,0690808,0690808,0690808,33冊3頁,1,2,各董事,財團法人莊福文化教育基金會,0650103,台北市長春路168號,本會之設立，以從事籌建莊福文化中心，振興教育，并培養優秀學術及運動人才，獎助在學青年及其他有關教育體育公益事業為目的。,由莊福、莊許金鳳、莊村徹、莊秀石、莊秀欣各捐之股票面額。,臺北市政府教育局中華民國64年12月29日北市教輝四字第48839號函,永久,34989317.70,1,0690808,0690903,0690825,,,,,,,,,,,更換董事印鑑。,,,,,https://aomp109.judicial.gov.tw/judbp/whd6k/q/qXeRDckgoSMC6uH1lD2474krrHKjkP_2VL-6dV2f2-fJHx8iN-A=
069登000126,1,2,王維靜,784,0690811,0690811,0690811,37冊23頁,1,1,李克竣,財團法人李克竣教育文化基金會,0671106,台北市重慶南路1段86號2樓,本財團法人以宏揚中華文化，培養賢才及增進社會公益，造福人群為宗旨。,由李克竣、李學容先生共同捐助,臺北市政府教育局中華民國67年8月3日北市教四字第31286號函,永久,4000000.00,1,0690811,0690930,0690813,林俊宏,台北市重慶南路1段86號2樓,100,,,,,,,,更換董事印鑑。,,,,,https://aomp109.judicial.gov.tw/judbp/whd6k/q/hUltOUOOm0S0PRH5nHXXsFoyaoRRkKAqWj24EBoPvKrFfrJV4FU=
069登000127,1,2,王維靜,398,0690811,0690811,0690811,24冊31頁,2,3,曹開諫,財團法人中華民國港埠服務社,0591022,台北市敦化南路102號國棟大廈6樓之2,本社以協助加強港埠效能，提供技術服務，及協助港埠之發展建設為目的。,由中華民國港埠協會、中國驗船協會、台灣省引水人聯合辦事處等共同捐助,交通部中華民國59年10月15日交航(59)字第11492號通知,永久,336005.73,1,0690811,0690930,,陳佩華,台北市敦化南路102號國棟大廈6樓之2,106,,,,,,,,"更換董事印鑑。
變更捐助章程第16條為：「本社之事業年度自當年1月1日至12月31日。」經本院於69年7月28日以68年度法字第23號民事裁定准予修正。",,,,,https://aomp109.judicial.gov.tw/judbp/whd6k/q/bHNbSi2I_HbAr_bhzfZmRmOFBiW0pZ-LGV2JzHQG_yd3JpX26rY=
069登000128,1,1,王維靜,872,0690811,0690811,0690811,40冊19頁,,,張訓舜,財團法人台灣區蠶業發展基金會,0690811,台北市襄陽路4號2樓,本會以配合政府蠶業發展政策，促進蠶業生產、加工、運銷及試驗研究，達成以蠶業發展蠶業為宗旨。,由行政院農業發展委員會、經濟部國際貿易局、台灣省農林廳、台灣省農會、公民營業者等共同捐助,經濟部中華民國69年7月21日經(69)農字第23805號函,永久,40301378.62,1,0690811,0690930,0690813,湯曉虞,台北市襄陽路4號2樓,100,,,,,,,,,,,,,https://aomp109.judicial.gov.tw/judbp/whd6k/q/nLgEOqi45Y6d8WKry6QIVdBo2vlGgZJRMJW0F3AxlTeN2ZszVs8=
069登000129,1,2,王維靜,354,0690815,0690815,0690815,23冊1頁,2,3,各董事,財團法人林建成公獎學基金,0580619,台北市南京東路3段261號11樓,本會為紀念林玉嘉先生先君子建成公逝世十週年獎助青年進修學業而設立。,由林玉嘉先生及台豐實業股份有限公司捐助,臺北市政府教育局中華民國58年5月14日北市教雲四字第003號許可證書,20年,2698000.00,1,0690815,0690930,,,,,,,,,,,,"更換董事印鑑。
變更捐助章程第5條條文為「本會解散財產之處分由董事會通過呈請主管機關核准施行其賸餘財產應歸屬本會所在地之地方自治團體或政府主管機關指定之機關團體」、經本院於69年6月30日以69年度法字第20號民事裁定准予修正。",,,,,https://aomp109.judicial.gov.tw/judbp/whd6k/q/7nUOJ0EUGuBS6gJHXwI-0uM4s8m4w1S56a3IJ7fwoLuHImH9n-Q=
069登000130,1,1,王維靜,873,0690815,0690815,0690815,40冊21頁,,,蔡萬霖,財團法人國泰人壽慈善基金會,0690815,台北市襄陽路1號,本基金會以舉辦或捐助慈善公益事業為目的。,由國泰人壽保險股份有限公司、國泰建設股份有限公司等共同捐助,內政部中華民國69年6月13日69台內社字第26602號函,永久,10000000.00,1,0690815,0690930,0690819,"劉啟清  會計師",台北市南京東路2段100號7樓之3,104,,,,,,,,,,,,,https://aomp109.judicial.gov.tw/judbp/whd6k/q/WYCWwjXfuc5V6Axvl4bJ2qb4yVLA49rZxjRg6vg99Lnr51SbqJc=
069登000132,1,1,王維靜,874,0690829,0690829,0690829,40冊23頁,,,黃國藏,財團法人經濟研究發展基金會,0690829,台北市松江路50號11樓,本會響應政府推行社會教育政策，以推行研究經濟發展暨培養獎助經濟研究人才為目的。,由黃國藏、王淑芳、黃清政、吳福久、廖廷龍等共同捐助,臺北市政府教育局中華民國69年8月15日北市教四字第36268號函,永久,407316.00,1,0690829,0700218,0690902,王淑芳,台北市松江路50號11樓,,,,,,,,,,,,,,https://aomp109.judicial.gov.tw/judbp/whd6k/q/s7xlIV7CyCfhbSOCzsaP2zl5qf_v1fN9RMc1FOgvY0EUlF5PBJk=
069登000134,1,2,王維靜,268,0690903,0690903,0690903,19冊5頁,2,14,各董事,財團法人臺灣省物資局職工福利委員會,0550516,台北市館前路46號6樓,⒈關於職工福利事業之審議推動及督導事項。⒉關於職工福利金之籌劃保管及動用事項。⒊關於職工福利事業經費預算決算之編擬分配稽核及收支報告事項。⒋其他有關職工福利事項。,⒈依照職工福利金條例第2條第1項規定本局資本總額提撥百分之1至百分之5及同條第4項規定下脚變價時提撥百分之20至40為資金。⒉按本局每月營業收入總額內提撥千分之1.5作為資金。,臺灣省政府社會處中華民國54年10月29日社一字第28175號通知,永久,44317840.00,1,0690903,0700218,,,,,,,,,,,,更換董事印鑑。,,,,,https://aomp109.judicial.gov.tw/judbp/whd6k/q/TGj2bPLFXx7QSJ9FrI8QFixzw0bWZ3LL_Qmf6ftCGECiwAaXVm8=
069登000135,1,1,王維靜,875,0690905,0690905,0690905,40冊25頁,,,林天數,財團法人台北市仁愛基督長老教會,0690905,台北市復興南路1段295巷32號,本會目的為傳揚基督福音，引人歸主，培養信徒之信仰而貢獻國家，造福社會，且致力管理本會所屬財產。,由台北市仁愛基督長老教會之會員及熱心信徒有志共同捐助,臺北市大安區公所中華民國69年8月19日北市安民字第28281號函,永久,783390.00,1,0690905,0700218,0690908,,,,,,,,,,,,,,,,https://aomp109.judicial.gov.tw/judbp/whd6k/q/yGHHo2kwrpndkHdsfaR35FRoxgst2sIK6zVKKMUzIf9p9cZjGIE=
069登000136,1,2,王維靜,276,0690909,0690909,0690909,19冊21頁,2,4,許　加,財團法人台北市台灣許姓宗祠,0551109,台北市中山北路6段中十六街60巷11號,本宗祠以維持香火、顯揚祖德、敦睦宗誼、增進族人福利、啟發後裔、樹立團結互助精神兼行慈善公益為宗旨。,由財團法人台北許姓宗親會、許姓宗親會、台灣省許姓宗親會等共同捐助,陽明山管理局中華民國55年9月10日陽明政民字第8號許可證書,永久,2417107.60,1,0690909,0700218,,許友朋,台北市中山北路6段中十六街60巷11號,111,,,,,,,,"更換董事印鑑。
變更捐助章程：除第1條、第2條不變更其餘各條均有修正並順序號次增列為第1條至第40條，經本院於中華民國68年12月12日68年法字第30號民事裁定准予修正。",,,,,https://aomp109.judicial.gov.tw/judbp/whd6k/q/LEQLurmvk1CJt0L_j_ZFZUOsXbrse_MhoU1mViCM3B13O2-2yZ4=
069登000137,1,2,王維靜,202,0690909,0690909,0690909,14冊23頁,2,3,王傳永,財團法人同仁院,0521130,台北市華西街26巷26弄4之1號,本院以醫療及貧民施醫，以增進社會福利為目的。,原財團法人同人局所屬之不動產,臺灣省臺北市政府中華民國36年2月社字第16號立案證書,永久,41046438.00,1,0690909,0700218,,王傳淵,台北市華西街26巷26弄4號之1,108,,,,,,,,"更換董事印鑑。
變更捐助章程：第6條、第8條、第11條、第12條、第13條至第20條部分內容變更並增列第21條（經本院於中華民國68年4月30日68年法字第4號民事裁定准予修正）。
許可機關及年月日：臺北市政府中華民國36年2月頒發社字第16號財團法人印壹顆。
財產總額：新臺幣4,104萬6,438元正。",,,,,https://aomp109.judicial.gov.tw/judbp/whd6k/q/xKyexgsdKjlc_7kiHVuVR9xD4BsF_k2O3RI7RQCKNQm6MCIXgyQ=
069登000138,1,1,王維靜,876,0690911,0690911,0690911,40冊27頁,,,柴松林,財團法人中華民國消費者文教基金會,0690911,台北市漢口街1段69號2樓,本會以教育消費者增進消費者地位及保障消費者權益為宗旨。,由第一次籌備會議人員柴松林、翁肇喜、李伸一、侯西泉、梁許春菊、孫鳴、章樂綺、邱清華、顏伯勤、黃俊英、黃良平、蕭新煌、林晉章、郭惠吉等共同捐助,教育部中華民國69年9月4日台(69)高字第26938號函,永久,1000000.00,1,0690911,0700218,0690915,蔡再文,台北市漢口街1段69號2樓（大華工商會計法律事務所）,100,,,,,,,,,,,,,https://aomp109.judicial.gov.tw/judbp/whd6k/q/N8sYBkUyhOWhVPfjFoRqplFhwU6UjEcK01MQVWT2U2AQn0kJJWg=
069登000140,1,2,王維靜,853,0690916,0690916,0690916,39冊41頁,1,1,蔡　能,財團法人台灣區鰻魚價格平準基金會,0690512,台北市忠孝東路1段8號,本會為安定台灣區鰻魚外銷，保障鰻魚業者合理利益，於鰻魚外銷時，按照出口數量定額認捐，以為鰻魚價格平準之基金。,鰻魚業團體其他機關團體或個人之捐助、政府機關捐助,經濟部中華民國69年4月26日經(69)農字第13207號函,永久,240000.00,1,0690916,0700218,0690919,,,,,,,,,,,更換董事印鑑。,,,,,https://aomp109.judicial.gov.tw/judbp/whd6k/q/TG8yMmb8IKxeao3M69phk898-deSDcsIytUOiwU9eXsIaC88jso=
069登000141,1,2,王維靜,664,0690918,0690918,0690918,33冊23頁,1,1,陳茂榜,財團法人新力電氣股份有限公司文化教育基金會,0650303,台北市林森北路372號2樓,以舉辦或獎助文化教育及公益事業為宗旨。,由新力電氣股份有限公司捐助,教育部中華民國64年12月15日台(64)社字第33580號函,永久,20000000.00,1,0690918,0700218,0691001,羅　濤,台北市中山北路2段77巷47號,104,,,,,,,,"該財團法人依章程附設圖書館一所。（名稱及類別：財團法人新力電氣股份有限公司文教基金會附設新力視聽圖書館。事務所：台北市中山北路2段77巷47號。目的：本館以輔助我國發展科學教育、推廣全民、學校、企業、語文、音樂及體育等教育。製作各類視聽資料，舉辦各項文化活動為宗旨，不以營利為目的。設立許可機關及年月日：臺北市政府教育局中華民國69年6月20日北市教四字第27206號函附第17944號核准頒給第105號許可證書。）
董事宋時選住所變更如下：董　事　　　宋時選　　　台北市忠孝東路3段217巷4衖2之6號7樓。",,,,,https://aomp109.judicial.gov.tw/judbp/whd6k/q/4GKRbBGrweZ2eYO000mdfcoZYD5RaAajWlL4nsdNw61-HfQ7g7I=
069登000142,1,2,王維靜,841,0690924,0690924,0690924,39冊17頁,1,1,呂　光,財團法人孟小冬女士國劇獎學基金會　,0690206,台北市和平東路2段18巷7之5號6樓Ａ,本會為紀念孟小冬女士一生從事發揚國劇造就老生人才之意願，設置本獎學基金。用以獎掖戲劇院校國劇部門清寒優秀學生為宗旨，並以攻習老生一項為優先。,由孟小冬女士之門人及親友捐助,臺北市政府教育局中華民國69年1月10日北市教四字第61191號函,永久,1000000.00,1,0690924,0700218,0690925,,,,,,,,,,,"法人名稱及類別：財團法人孟小冬女士國劇獎學基金會。
更換財團法人印鑑。",,,,,https://aomp109.judicial.gov.tw/judbp/whd6k/q/yHMBiVByiToalkqfXq_-Sr-o4Muh4waHINfyC2MBSRPW863bk4Y=
069登000143,1,2,王維靜,471,0690926,0690926,0690926,26冊57頁,2,3,各董事,財團法人台北市基督教會錫安堂,0610831,台北市木柵路1段231巷34號,傳揚福音為目的。,由創辦人董事及海內外愛主弟兄弟姊妹所捐助,臺北市政府民政局中華民國61年8月28日北市民一字第12984號函,永久,3534866.00,1,0690926,0700218,0691014,,,,,,,,,,,"更換董事印鑑。
董事任期、限制董事代表權者其限制：董事任期3年、連聘得連任。",,,,,https://aomp109.judicial.gov.tw/judbp/whd6k/q/mQV-zzM3Rjgpm4TypMV6TkQL0JmuEo0z0-TxdDnJPtCv50JOQgM=
069登000144,1,2,把天展,614,0690926,0690926,0690926,31冊43頁,2,,各董事,財團法人醫學生物儀器發展基金會,0631123,台北市羅斯福路四段二十四巷二十五號,以研究發展醫學、生物科學有關之儀器及保養，培養醫學生物儀器有關技術人員。,由美國醫藥助華捐助，嗣後並繼續籌募,行政院衛生署六十三年十一月九日　()衛署醫字第五二九四八號函,永久,50000.00,1,0690926,0691013,0691013,,,,,,,,,,,更換董事印鑑。,,,,,https://aomp109.judicial.gov.tw/judbp/whd6k/q/fHc6B1MGIBQKPbsw_87Rj7SPs84qFxh-X1HsJXrXm2r6k2KD5YE=
069登000146,1,2,王維靜,670,0690927,0690927,0690927,33冊35頁,2,2,各董事,財團法人中華海員服務中心,0650322,台北市泉州街6號,以推行海員服務為目的。,中華民國輪船商業同業公會全國聯合會等,內政部中華民國65年1月16日台內勞字第668189號函,永久,200000.00,1,0690927,0700218,0691009,趙肇昇,台北市泉州街6號,100,,,,,,,,"變更捐助章程第5條、第10條、第16條經本院於中華民國69年8月3日69年法字第34號民事裁定准予修正。
更換董事印鑑。",,,,,https://aomp109.judicial.gov.tw/judbp/whd6k/q/AGyGS5syinUTC-FSfWAe-wyTirYok0MSbWKwgUnTmIatRZ92nlE=
069登000148,1,1,王維靜,877,0690930,0690930,0690930,40冊29頁,,,蔣孝勇,財團法人台北射擊俱樂部基金會,0690930,台北市和平西路1段88號11樓,"本基金會以推動射擊運動增進國民健康為目的。
（捐助方法：由蔣孝勇、蔡溪松、張意、黃彰人、蔡百生、吳東賢、林鴻年、吳柄松、李英群、許哲嘉、蘇文彬、陳塵蘇、徐小波、周德美、杜清雲、林清富、顧振家、李俊賢、顏清和、侯貞雄、林裕國、楊金和、蔡春三、黃清松、吳英明、俞建星、楊緒榮、馬紹進、李成家、陳玉斌、陳坤六、藍明煌、鄭金波、楊清松、陳水生、黃正雄、陳義雄等共同捐助）",由全體基金捐款人等，熱心射擊運動人士共同捐助（詳會員繳納基金明細表）,臺北市政府教育局中華民國69年9月12日北市教四字第42233號函,永久,2750000.00,1,0690930,0691201,,,,,,,,,,,,,,1080305,臺北市政府,依據民法第42條及財團法人法第30條廢止設立許可,https://aomp109.judicial.gov.tw/judbp/whd6k/q/oXbgOSzRn-vJGg1Wl_sZEcOfzDK27gunN_yfr3Z9ea9A6IG1NrQ=
069登000152,1,3,王維靜,774,0691006,0691006,0691006,37冊3頁,1,,蔡辰男,財團法人台北愛樂交響樂團基金會,0670821,台北市襄陽路1號9樓,培養一能達國際水準之交響樂團。提高國內音樂水準，培養優秀音樂人才，推展音樂教育。扶風正俗，養成國民愛好音樂之習慣。啟發與音樂相關之各項藝術如電影、電視、戲劇、樂器、錄音唱片等之日趨精進。促進國際文化交流。,由萬成開發股份有限公司、萬成農牧股份有限公司、萬信投資股份有限公司、國信食品股份有限公司、國泰租賃股份有限公司、樹德工程股份有限公司等共同捐助,教育部中華民國67年7月21日台(67)社字第19604號函,永久,5000000.00,1,0691006,0691006,,陳麗淑,台北市襄陽路1號9樓,100,"徐光前  會計師",台北市松江路65號11樓,,,,,曹永坤,"解散原因：該財團法人因未能達到設立之目的，經69年7月17日董事會決議解散，並推曹永坤為清算人，報經教育部69年9月3日台(69)社字第26746號函已予照准，應予撤銷設立登記。
清算人姓名及住所：曹永坤　　住所：台北市北投區石牌路2段326號。
就任日期：中華民國69年9月24日。",,,,,https://aomp109.judicial.gov.tw/judbp/whd6k/q/GzFyz7eqcznOZ1gpvhFZUryjwLkwfA2jtnI8cf-M939C9C64fz4=
069登000154,1,2,王維靜,394,0691008,0691008,0691008,24冊23頁,1,4,各董事,財團法人榮民產品供銷中心,0590916,台北市忠孝東路4段176號5樓,推廣榮民產品，發展其國內外市場。供應與引介榮民生產所需之原料。提供榮民生產單位經營建議，改良及增加榮民產品之生產。協助榮民生產單位運用技術合作，提高榮民產品品質。轉投資安置榮民之生產事業單位。接受政府機關或社團之委託，辦理收購或經銷業務。,由行政院國軍退除役官兵輔導委員會捐助,行政院國軍退除役官兵輔導委員會中華民國59年4月8日(59)輔人字第4367號令,永久,5000000.00,1,0691008,0700218,,"江顯榮  律師",台北市長春路118號3樓,,,,,,,,,更換董事印鑑。,,,,,https://aomp109.judicial.gov.tw/judbp/whd6k/q/K1t28mGefkDg574zttKOtGNodoGFFXhvXoacnFjn-7F2_KpnH_E=
069登000155,1,2,王維靜,97,0691014,0691014,0691014,7冊19頁,2,6,各董事,財團法人台北市私立稻江高級護理家事職業學校　,0490331,台北市新生北路3段55號,本財團法人以經營私立稻江高級護理家事職業學校為目的。,由熱心教育人士捐助,教育部中華民國44年3月2日(44)普字第03307號令,永久,12850959.00,1,0691014,0700218,,,,,,,,,,,,"設立許可機關及年月日：臺北市政府教育局中華民國68年8月24日北市教一字第38495號函改現名。
更換法人印鑑。",,,,,https://aomp109.judicial.gov.tw/judbp/whd6k/q/faHyuo23EhbUUqiHYIW8sm_1JFe4FLPrdPxO4AynzQuelT4I4A==
069登000158,1,2,王維靜,835,0691016,0691016,0691016,39冊5頁,1,1,各董事,財團法人味全家政教育文化中心基金會,0681221,台北市松江路125號5樓,培育家政專門人才、實施社會教育、研習家政技藝、增進國內外婦女之溝通與瞭解、促進家庭生活之美滿與和諧，而以造成安和樂利之社會為目的。,由各董事募集捐助或接受有關機構，社團及個人之捐助,教育部中華民國68年12月15日台(68)社字第39135號函,永久,3000000.00,1,0691016,0700218,0691020,"陳井星  律師",台北市南京東路2段178號4樓之1,104,,,,,,,,更換董事印鑑。,,,,,https://aomp109.judicial.gov.tw/judbp/whd6k/q/4EjpZbiCGXGtZ1-I4iA1Jm3EIECmghddnLH35N-8Bnmv1HppVgA=
069登000160,1,2,王維靜,89,0691017,0691017,0691017,7冊3頁,1,9,金開英,財團法人中國技術服務社,0481001,台北市忠孝東路4段300號3樓,本社以充分發揮我國公民營生產事業之生產能力及其人員之技術知識，協助國內國外之經濟建設為目的。,由久大紙業、大同製鋼機械、中國煤礦開發、台北紡織、台灣水泥、台灣肥料、台灣電力、台灣糖業、高雄硫酸錏、裕隆機器製造廠股份有限公司及中國石油、中國機械工程有限公司等共同捐助,經濟部中華民國48年5月23日台(48)工字第07723號通知,永久,45255575.20,1,0691017,0700218,,胡鍾民,台北市忠孝東路4段300號3樓,,,,,,,,,,,,,,https://aomp109.judicial.gov.tw/judbp/whd6k/q/fkDEMApH3nvJhpZ9kqku8k1HT-PYHhm6dTh8aq8UCB_a8eT-yA==
069登000161,1,2,王維靜,129,0691022,0691022,0691022,9冊23頁,1,7,各董事,財團法人台北市私立三極高級工業職業學校,0500110,台北市桂林路171號,本財團以創辦私立三極高級工業職業學校並謀其發展為目的。,由董事會捐助,臺灣省臺北市政府教育局中華民國48年10月26日北市教中字第5143號令,永久,18627440.50,1,0691022,0711130,,,,,,,,,,,,繼任董事印鑑。,,,,,https://aomp109.judicial.gov.tw/judbp/whd6k/q/HOrJKPYxFpxMjjUEMxt9X0JgVWc5-HbQcYNXobl47QKJynyhpmA=
069登000162,1,2,王維靜,741,0691024,0691024,0691024,35冊57頁,2,2,陳德仁,財團法人仁德教育慈善基金會,0670105,台北市南陽街54號1樓,本會設立之目的為獎助求學及舉辦或協辦社會慈善事業。,陳德仁捐助,臺北市政府教育局中華民國66年12月21日北市教四字第53723號函,永久,1500000.00,1,0691024,0700218,0691030,,,,,,,,,,,"財產總額：新台幣150萬元正。
更換董事印鑑。",,,,,https://aomp109.judicial.gov.tw/judbp/whd6k/q/igP98Zc-_sKHWVKJA98xjVsUGpOyTOfckEtcpZIwUqKOAVzI1b4=
069登000165,1,2,王維靜,239,0691103,0691103,0691103,17冊7頁,2,6,各董事,財團法人台北市基督教浸信會仁愛堂,0540331,台北市八德路1段11號,本財團法人宗旨為發展基督教義，宗教教育及宣揚福音。,捐助,臺灣省臺北市政府中華民國54年3月4日(54).3.4.府民行字第57778號通知,永久,4268825.70,1,0691103,0700218,,,,,,,,,,,,更換董事印鑑。,,,,,https://aomp109.judicial.gov.tw/judbp/whd6k/q/ihIh4G4tu8uZSjATAPgLwXmuxHq_88lVsqrCgFIke7hV-E03V08=
069登000166,1,2,王維靜,796,0691103,0691103,0691103,37冊47頁,1,1,林李李,財團法人祐生研究基金會,0680205,台北市華陰街26號地下室,在於籌設生態研究中心，提供研究生活居住環境定性定量之品質改進方案，舉辦獎助鼓勵有志之士就各該問題之研究發展，提供社會大眾及有關機關之認識及改進。,由林柳賓、林溟鯤、李鏡波、林秀琴、蔡福元、林俊宏、林俊堯、林俊興等共同捐助,臺北市政府教育局中華民國67年12月30日北市教四字第57204號函,永久,406250.00,1,0691103,0700218,0691108,張永芬,台北市華陰街26號地下室,,,,,,,,,"更換董事印鑑。
董事長林李李、董事林俊興住所變更如下：董事長　　　林李李　　　台北市松江路160巷7號。董　事　　　林俊興　　　台北市松江路160巷7號。",,,,,https://aomp109.judicial.gov.tw/judbp/whd6k/q/bq0U996Aowm8Q69rOTbCY3Baj9sdKgTQZeJ69gEXFOK45VxFPq8=
069登000167,1,2,王維靜,207,0691110,0691110,0691110,15冊3頁,1,6,各董事,財團法人臺北市私立開平高級中學,0530204,台北市瑞安街63號,以培養健全國民，並施以研究高深學術為宗旨。,創辦人夏耀珊先生捐助。,"四十五年八月十四日台北市政府教育局  北市教中字第二二三０九號函",永久,50260175.00,1,0691110,0700218,,,,,,,,,,,,"更換法人印信及董事印鑑。
設立許可機關及年月日：臺北市政府教育局中華民國68年6月29日北市教二字第29331號函改現名稱。",,,,,https://aomp109.judicial.gov.tw/judbp/whd6k/q/GxEeIKN7lt6oXV3OdeNllRXYageMegDfw99ikNDgrMlPu1sZyP4=
069登000171,1,2,王維靜,52,0691113,0691113,0691113,4冊19頁,2,,辜嚴倬雲,財團法人台北基督教女青年會,0460902,台北市青島西路7號,本會以基督教女青年會世界協會之基本信條：「我信全能之父上帝和他的獨生子救主耶穌基督與聖靈」為基本信仰，並本基督之精神，促進婦女德、智、體、群四育之發展，使獲有高尚之人格、團契精神，以達成服務社會，造福全球人群為宗旨。,由林李美貞、本會會員暨熱心人士等共同捐助,臺灣省臺北市政府中華民國46年7月6日(46)北市社組字第43085號通知,永久,47178773.60,1,0691113,0700218,,黃美華,台北市青島西路7號,100,,,,,,,,更換董事印鑑（其中董事馬康樂夫人、王聶敏、布朗士夫人、郭克夫人、旁伯士夫人為簽名式）。,,,,,https://aomp109.judicial.gov.tw/judbp/whd6k/q/Zpn1iG88sWpEPn5eyaZqty4yfO9Xwce36jiDOJSUCYcuflS_Xg==
069登000172,1,2,王維靜,501,0691113,0691113,0691113,27冊57頁,1,,各董事,財團法人長庚紀念醫院,0620326,台北市松山區敦化北路199號,本院不以營利為目的，從事醫療事業，促進社會公益福利為宗旨。,由王永慶先生等捐助。,行政院衛生署中華民國62年3月8日衛署醫字第20694號函,永久,835884449.00,1,0691113,0700218,0691126,,,,,,,,,,,更換董事印鑑。,,,,,https://aomp109.judicial.gov.tw/judbp/whd6k/q/9yDOYYsQPXfaJLo1dGpVn4QFlR2YBLubjxajUTxiSVvVt4OSI88=
069登000176,1,1,王維靜,882,0691124,0691124,0691124,40冊39頁,,,李陳昭,財團法人台北市聖靈寺,0691124,台北市汀州路624號,本寺以宣揚大乘佛法，淨化社會人心，啟發大眾趨向正信，擁護政府，宣導政令，創辦社會慈善公益事業，福利人群為宗旨。,捐助（由原聖靈宮所有財產，全部轉贈本財團為寺產。）,臺北市政府民政局中華民國69年3月20日北市民三字第2338號函,永久,11730000.00,1,0691124,0700218,0691129,許坤地,台北市古亭區汀州路624號,,,,,,,,,,,,,,https://aomp109.judicial.gov.tw/judbp/whd6k/q/UGS0xd40QawqB-36QWxUJOkTgQK9yk_V32txC_xBUxHgDzqINDY=
069登000177,1,2,王維靜,309,0691127,0691127,0691127,21冊25頁,2,,蔣緯國,財團法人石鳳翔先生紀念基金會,0561126,台北市景美區興隆路2段46號,本會以舉辦教育獎助為主要宗旨，社會救助為次要宗旨，但得視財力許可酌辦文化學術研究等獎助事宜。,由石爾瑚、石爾璜、石爾璠、石爾璽、石爾瑛、石爾瑄、石婉華、石爾琮等共同捐助,臺北市政府中華民國56年9月21日(56.)9.21府教社字第49983號通知,永久,11706645.79,1,0691127,0700218,,孫　係,台北市興隆路2段46號,116,,,,,,,,"更換董事印鑑。
變更捐助暨組織章程第5條、第7條、第8條、第17條經本院69年11月18日69年度法字第62號民事裁定准予修正。",,,,,https://aomp109.judicial.gov.tw/judbp/whd6k/q/NsVNU5tH8AFFfxEtkJqdcdygN6mZVPE9aVpfds_-X582BDxxO10=
069登000178,1,2,王維靜,415,0691127,0691127,0691127,25冊5頁,2,2,各董事,財團法人劉羅柳氏獎學基金董事會,0600416,台北市漢中街116號3樓（中影董事會）,本獎學金以獎勵家境清寒子女培育人才為目的。,由劉羅柳氏遺產變賣得款及歷年結餘款累積為基金。,臺北市政府教育局中華民國60年2月9日(60)北市教四字第001號許可證書,永久,8000000.00,1,0691127,0700218,,,,,,,,,,,,"更換董事印鑑。
變更捐助暨組織章程：第1條、第2條、第3條、第4條、第7條、第8條、第10條、第11條、第14條、第17條、第18條、第19條，經本院於69年11月5日69年度法字第50號民事裁定准予修正。
董事任期、限制董事代表權者其限制：任期3年。",,,,,https://aomp109.judicial.gov.tw/judbp/whd6k/q/WBzTxVKRcd2Qkk1gSlM0Wj-LzR7dtnzILRa2F64luEZnnhUKjJ8=
069登000179,1,2,王維靜,398,0691127,0691127,0691127,24冊31頁,1,3,曹開諫,財團法人中華民國港埠服務社,0591022,台北市復興南路1段135巷17號7樓之1,本社以協助加強港埠效能，提供技術服務，及協助港埠之發展建設為目的。,由中華民國港埠協會、中國驗船協會、台灣省引水人聯合辦事處等共同捐助,交通部中華民國59年10月15日交航(59)字第11492號通知,永久,336005.73,1,0691127,0700218,,楊本惠,台北市敦化南路102號國棟大廈6樓之2,106,,,,,,,,,,,,,https://aomp109.judicial.gov.tw/judbp/whd6k/q/UZugVHeUVsy0pUydfG-7lssh-1Jhkefbkwrvn1We-UQRdqwQ6EI=
069登000180,1,3,王維靜,677,0691201,0691201,0691201,33冊49頁,1,,吳基福,財團法人中華民國沙利竇邁度障害兒童福利會,0650504,台北市松江路54號5樓,本會為中華民國沙利竇邁度受害兒童接受、保管、運用及分配日本國大日本製藥株式會社依「中華民國境內沙利竇邁度障害兒童補償協定書」所交付之補償金，並向社會善心人士籌捐助金以造福沙利竇邁度障害兒童並充實其生活內容的慈善事業為目的。,依中華民國65年1月24日中日雙方所簽訂「協定書」第1條所規定日本國大日本製藥株式會社所應支付的補償金額。工商業機構之捐助。社會善心人士之捐助。,行政院衛生署中華民國65年3月27日衛署醫字第108239號函,永久,23855000.00,1,0691201,0691201,,"李聖隆  律師",台北市復興南路2段369號4樓,106,,,,,,,陳國珍,"解散原因：該財團法人於中華民國69年10月14日經19次董事會議決，基於任務，業已達成，報經目的事業主管機關行政院衛生署69年11月13日衛署醫字第301298號函核准解散。
清算人：陳國珍　住台北市南京西路278號。",,,,,https://aomp109.judicial.gov.tw/judbp/whd6k/q/Bnq3DbVmqmi-U5rBfuAMhZIrJNXza2eyzwugUZha4MVOZvatTaE=
069登000181,1,2,王維靜,516,0691205,0691205,0691205,28冊27頁,2,4,盛天麟,財團法人臺灣省臺北縣私立及人高級中學,0620608,台北縣新店鎮安興路1號,本財團以創辦私立及人高級中學並謀發展為目的。,由創辦人盛紫莊、盛天麟、及楊義堅先生等捐助。,臺灣省政府教育廳中華民國57年8月1日教二字第06985號函,永久,17519082.00,1,0691205,0700218,0691224,俞澤生,台北縣新店鎮安興路1號,231,,,,,,,,"更換法人及董事印鑑。
（臺灣省政府教育廳中華民國68年7月24日68教二字第49083號函：內容約略為私立中學自68年8月1日起一律改為╳╳高級中學……）",,,,,https://aomp109.judicial.gov.tw/judbp/whd6k/q/_ndrkqKXFlsh_PaVqxbb8kyEZHX0j55sJ9AT9NB3bPojRnH_myM=
069登000185,1,2,王維靜,766,0691209,0691209,0691209,36冊47頁,2,8,各董事（委員）,財團法人中華民國電信職工福利委員會,0670519,台北市仁愛路1段42號8樓801室,本會為謀全國電信職工福利，並改善電信職工生活為目的。,按本會福利事業之需要聲請撥付創業基金按每月電信事業收入總額及每月職工薪金暨下腳變賣時提撥之,內政部中華民國66年3月21日台內勞字第726289號函,永久,133090043.19,1,0691209,0700218,0691212,,,,,,,,,,,更換董事（委員）印鑑。,,,,,https://aomp109.judicial.gov.tw/judbp/whd6k/q/9oZVSF7StZ9ZmIH_cX0BgYFssrWV_A8eRXI63qmwxGfnywtDzU4=
069登000187,1,2,王維靜,400,0691215,0691215,0691215,24冊35頁,2,14,伍偉利,財團法人大同教台灣總靈體會,0591201,台北市新生南路1段149之13號,宣揚大同教義，處理全台灣大同教教務及與全台灣教友利益有關之事務並舉辦慈善公益社會福利事業。,"由迪恩（Sidney Lrwin Deam）捐助",臺北市政府中華民國59年11月14日59.11.14府民一字第48619號通知,永久,745517.00,1,0691215,0700218,,,,,,,,,,,,更換董事印鑑。,,,,,https://aomp109.judicial.gov.tw/judbp/whd6k/q/wJHkAkp7VM5wUio3_Up_0l66ER9Zp_ev9aHqj4ETvPl2jCRpwO0=
069登000189,1,2,王維靜,130,0691220,0691220,0691220,9冊25頁,2,9,各董事,財團法人台北市私立金甌高級商業職業學校,0500210,台北市杭州南路2段1號,本財團以創辦台北市私立金甌高級商業職業學校並謀其發展為目的,1.董事捐獻2.社會捐助,教育部中華民國37年10月13日中字第56512號代電核准,永久,21867537.40,1,0691220,0700218,,任雨時,,,,,,,,,,新任董事葉?琴、吳志勛印鑑。,,,,,https://aomp109.judicial.gov.tw/judbp/whd6k/q/3igU6IYdHZO_qQ3ZbI8RdPApUkbHoPwSWyuOzcXKXDsUIEBsOwk=
069登000191,1,2,王維靜,658,0691224,0691224,0691224,33冊11頁,2,2,各董事,財團法人台北市私立周卿圖書館,0650122,台北市久康街157之1號,本會以設置周卿圖書館協助政府推行社教為目的。,由創辦人戴重達捐助,臺北市政府教育局中華民國65年1月7日(65)北市教四字第57號許可證書,永久,3310160.00,1,0691224,0700218,0700108,,,,,,,,,,,更換董事印鑑。,,,,,https://aomp109.judicial.gov.tw/judbp/whd6k/q/C-LzTZYDswWWXvobKGWaCqu49NmLpYspaeiedFyMQqS94bnVlm0=
