登記案號,類別,案由,主任,登記號數,收件日期,登記日期,公告日期,登記簿,任期判定,屆期判定,法人代表,法人名稱,設立登記日期,主事務所,目的,捐助方法,許可機關日期,存立時期,財產總額,結案原因,結案日期,歸檔日期,發證日期,清算人,變更原因,註銷日期,撤銷日期,撤(註)銷機關文號,撤(註)銷原因
112法登他000001,2,2,曾瓊安,2161,1120104,1120104,1120104,108冊15頁,1,2,呂立,社團法人中華民國紅鼻子關懷小丑協會,1060706,臺北市北投區中央南路2段115號5樓,培訓專業關懷小丑，將量身訂做的即興演出，帶進台灣的醫療與照護機構，用歡笑陪伴每個需要的病友，讓他們重拾對生命的信心及自我肯定。撫慰醫院每顆疲累的心靈，紓解家屬與醫護人員的壓力，並透過教育推廣活動，協助第一線的助人工作者，讓更多民眾關注友善醫療，希望藉由專業關懷小丑的存在，將歡樂與幽默注入醫療與照護環境之中，改善醫病關係，進而推廣友善醫療與全人照護的精神。,入會費、常年會費、事業費、會員捐款、委託收益、基金及其孳息、其他收入,內政部中華民國106年3月1日台內團字第1050092644號函,永久,2000000.00,1,1120104,,1120112,,"繼任理事印鑑式。
三、常務理事傅裕惠及理事薛美華、李岳霖、何琦瑜等4人印鑑變更。",,,,
112法登他000002,1,2,曾瓊安,540245,1120104,1120104,1120104,2冊13頁,1,19,林博彥,財團法人真理大學,0540909,新北市淡水區真理街32號,為達成教學及學術研究，自由探討真理，培養人格，服務社會，促進國際間學術交流，榮神益人之目的，設立財團法人真理大學。,設立基金新台幣陸佰貳拾萬元，由北部臺灣基督長老教會大會，熱心信徒及社會各界人士捐助，嗣後並得繼續接受國內外之個人、法人或團體之捐贈,教育部54.8.26台(54)高字第13242號函,永久,4269674377.00,1,1120104,,1120112,,新任監察人印鑑式。,,,,
112法登他000003,1,2,曾瓊安,550278,1120105,1120105,1120106,2冊27頁,1,18,姚祖驤,財團法人聖約翰科技大學,0551121,新北市淡水區淡金路4段499號,根據國家教育政策暨現行法令之規定，為達到辦理科技大學，並謀求其健全發展之目的，設立財團法人聖約翰科技大學。,建校基金新臺幣伍佰萬元，由創辦人王長齡先生暨全體董事籌措捐助；校地係由上海聖約翰大學同學會暨上海聖瑪利亞女校校友會捐助。嗣後並得繼續接受國內外之個人、法人或團體之捐贈。,教育部55.7.28.台(55)高字第12322號函,永久,3210805336.00,1,1120105,,1120116,,"繼任董事長印鑑變更。
五、繼任董事及董事長印鑑式。",,,,
112法登他000004,1,2,曾瓊安,520191,1120106,1120106,1120109,1冊87頁,1,19,陳泰然,財團法人中國文化大學,0520815,台北市士林區華岡路55號,為遵照國家教育政策暨現行教育法令規定之目的，設立財團法人中國文化大學。,"設立基金新台幣壹仟玖佰柒拾壹萬陸仟肆佰參拾參元伍角整，由創辦人張其昀籌(募)集。嗣後並得繼續接受國內外之個人、 法人或團體之捐贈",51.7.11.教育部台(51)高字第9342號,永久,17133592102.00,1,1120106,,1120119,,,,,,
112法登他000005,1,2,曾瓊安,660702,1120109,1120109,1120109,3冊59頁,1,14,吳韻樂,財團法人臺北市私立達人女子高級中學,0660215,台北市內湖區內湖路2段314號,為辦理學校，並謀其健全發展之目的，設立「財團法人臺北市私立達人女子高級中學」,由創辦人財團法人臺北市天主教耶穌孝女會捐助新臺幣捌仟貳佰壹拾伍萬參仟壹佰陸拾元整設立，嗣後並得繼續接受國內外之個人、法人或團體之捐贈,台北市政府教育局65年6月16日北市教輝字第17659號函,永久,1001909903.00,1,1120109,,1120117,,"第3屆監察人任期屆滿，經董事會議決議通過續聘王正嘉為第4屆監察人。
三、第4屆監察人身分證明文件及印鑑均援用前屆資料。",,,,
112法登他000006,1,2,曾瓊安,630586,1120109,1120109,1120109,3冊21頁,2,16,黃敏正,財團法人台北市私立方濟高級中學,0630626,台北市內湖區成功路3段61號,為創辦私立方濟高級中學暨附設國民中學部並謀其發展為目的。,設立財產總額新臺幣肆佰玖拾壹萬捌仟伍佰柒拾貳元捌角整，由財團法人天主教方濟各會捐助，為何礪行神父主導對外募集所得。嗣後並得繼續接受國內外之個人、法人或團體之捐贈。,台北縣政府54.7.8北府教一字第64525號令,永久,503699963.00,1,1120109,,1120117,,全體董事、監察人印鑑式。,,,,
112法登他000007,1,2,曾瓊安,530217,1120110,1120110,1120111,1冊97頁,1,15,林忠榮,財團法人全國林姓宗廟,0530601,台北市大同區重慶北路1段73號10樓,以闡揚祖德敦睦宗誼增進宗親福利，樹立團結互助精神為目的。,捐助,台北市政府民政局53.3.14(53)北市民行字第12258號,永久,84502717.89,1,1120110,,1120119,,,,,,
112法登他000008,1,2,曾瓊安,1349,1120110,1120110,1120111,68冊3頁,1,9,吳秀梅,財團法人醫藥品查驗中心,0870603,台北市南港區忠孝東路6段465號3樓,以提升醫藥品之查驗品質與效率，確保醫藥品安全，促進製藥業發展，增進國人之健康為目的。,由行政院衛生署捐助新臺幣一仟萬元為設立基金，嗣後並得繼續接受無利益衝突之國內外自然人、法人、機構或團體之捐贈。,行政院衛生署87年5月26日衛署醫字第87032010號函,永久,14000000.00,1,1120110,,1120119,,法人捐助章程第5條條文修正並經主管機關衛生福利部111年10月13日衛部醫字第1111667402號函許可在案。,,,,
112法登他000009,1,2,曾瓊安,640645,1120110,1120110,1120111,3冊41頁,2,10,施建仁,財團法人台北市至善堂,0641018,台北市大同區保安街49巷16號,奉祀主神為觀世音釋迦佛祖並供奉諸神像，以宏揚佛教先天派信仰真理，興辦社會公益慈善救濟事業為宗旨。,設立基金新台幣肆佰貳拾肆萬陸仟元整，由原佛堂至善堂捐助；嗣後得由信眾捐助、臨時募款、孳息收益補充之,台北市延平區公所民國64年10月2日北市延民字第11365號函。,永久,52893559.00,1,1120110,,1120119,,全體董、監事印鑑式。,,,,
112法登他000010,1,2,曾瓊安,980,1120110,1120110,1120111,49冊14頁,1,11,林志嘉,財團法人中華民國兒童福利聯盟文教基金會,0801224,台北市內湖區瑞光路583巷21號7樓,以倡導兒童福利觀念，推展兒童教育，保障兒童權利，促進兒童健全發展，增進兒童福利為宗旨。,由財團法人心臟病兒童、吳麥文教、國泰建設文化教育等基金會、王志雄、王世雄、林謝罕見等捐助，俟完成法人登記後，得繼續接受捐贈,"教育部80年12月17日  台（80）社字第68396號函",永久,1060000000.00,1,1120110,,1120119,,"法人印信（圖記）變更。
新法人印信（圖記）印鑑式。",,,,
112法登他000011,2,2,曾瓊安,1244,1120110,1120110,1120111,62冊18頁,2,5,郭秋佩,社團法人臺北市記帳士公會,0961106,台北市大同區承德路1段42號10樓,以配合主管機關建立完整記帳士制度，協助納稅義務人記帳及履行納稅義務；並以保障會員權益、增進會員專業技能、謀求會員福利、提供會員溝通交流之管道為宗旨。,入會費、常年會費、捐款、基金及其孳息收入、委託收益、其他收入,臺北市政府社會局中華民國95年9月8日北市社一字第09539063100號函,永久,60000.00,1,1120110,,1120119,,全體理、監事印鑑式。,,,,
112法登他000012,2,2,曾瓊安,1223,1120110,1120113,1120116,61冊17頁,2,5,呂崇標,社團法人台灣長春職業高爾夫協會,0991111,台北市重慶北路3段209號2樓,以推行長春職業高爾夫運動，辦理全國性及國際性長春職業高爾夫比賽活動，藉以提高球技，並促進健康推展國民外交。,入會費、常年會費、事業費、會員捐款、委託收益、基金及其孳息、比賽獎金贊助款、其他收入,內政部中華民國99年4月6日台內社字第0990065267號函,永久,5000.00,1,1120113,,1120130,,"全體理、監事印鑑式。
四、法人章程第16、31、38條條文修正並經內政部111年1月17日台內團字第1100067380號函予以備查。
五、法人章程第7條條文修正並經內政部111年12月27日台內團字第1110055774號函予以備查。",,,,
112法登他000013,1,2,曾瓊安,490118,1120111,1120111,1120111,1冊57頁,1,16,林沛英,財團法人新北市私立聖心女子高級中學,0491110,新北市八里區龍米路1段263號,以發揚天主教聖心會教育理念之目的，設立財團法人新北市私立聖心女子高級中學。,設立基金新臺幣伍拾萬元，由新北市私立聖心女子高級中學董事會捐贈，又天主教聖心會所捐贈伍佰貳拾餘萬元已全部動用為建校經費。嗣後並得繼續接受國內外之個人、法人或團體之捐贈。,台北縣政府49.9.13北府教一字第1981號函,永久,278276659.00,1,1120111,,1120119,,,,,,
112法登他000014,1,2,曾瓊安,600405,1120112,1120112,1120113,2冊69頁,2,11,陳志明,財團法人台北市法雨寺,0600120,台北市北投區登山路108號,以弘揚大乘佛法，實踐佛陀教育精神，興辦社會公益、慈善救濟及文化教育等事業，俾能促進人心向善，並締造和諧社會為宗旨。,捐助,陽明山管理局59.12.5改制為台北市政府民政局,永久,95931302.70,1,1120112,,1120130,,全體董事印鑑式。,,,,
112法登他000015,1,2,曾瓊安,1552,1120112,1120112,1120113,78冊6頁,1,3,焦佑麒,財團法人彩晶文教基金會,1031024,台北市內湖區行善路168巷17號6樓,以提倡文化教育活動，協助文化創意的發展，建立藝術文化的生活為宗旨。,設立基金共新台幣伍佰萬元整，由捐助人瀚宇彩晶股份有限公司無償捐助。俟依法完成財團法人登記後，得繼續接受捐贈。,臺北市政府文化局中華民國103年10月17日北市文化文創字第10331808400號函,永久,5000000.00,1,1120112,,1120130,,繼任董事兼董事長印鑑式。,,,,
112法登他000016,1,2,曾瓊安,600427,1120112,1120112,1120113,2冊71頁,2,17,鄭逢時,城市學校財團法人,0600714,台北市北投區學園路2號城市學校財團法人臺北城市科技大學內,為辦理城市學校財團法人臺北城市科技大學並謀其發展之目的，設立城市學校財團法人。,設立基金新臺幣貳仟肆佰參拾捌萬參仟零肆拾貳元整，由陳垗花、盧壽延、褚克儉、束壽徵、聶建華、別文學、蔡長準、李馥妽、單繩武等人捐贈。嗣後並得繼續接受國內外之個人、法人或團體之捐贈,教育部60.3.17台(60)專字第6085號令,永久,5634114412.00,1,1120112,,1120130,,全體董事均援用原印鑑。,,,,
112法登他000017,1,2,曾瓊安,391,1120112,1120112,1120113,20冊1頁,1,8,洪鴻榮,法鼓學校財團法人,0871021,台北市北投區公舘路186號,為遵照國家教育政策暨現行教育法令之規定，辦理法鼓學校財團法人，並謀其健全發展。,捐助,教育部87年6月5日台(87)高(三)字第87058532號,永久,7550620573.00,1,1120112,,1120130,,,,,,
112法登他000018,1,2,曾瓊安,630602,1120116,1120116,1120116,3冊27頁,2,15,柯智仁,財團法人台灣基督長老教會大稻埕教會,0630903,台北市大同區甘州街40號2樓,以傳揚基督福音，引人歸主並舉辦傳教、慈善及育英等公益事業。,捐助,臺北市政府民政局63.8.27北市民三字第13437號,永久,162525355.00,1,1120116,,1120130,,全體董事簽名暨印鑑式。,,,,
112法登他000019,1,2,曾瓊安,331,1120116,1120116,1120116,17冊1頁,2,9,鄭欽明,財團法人雅文兒童聽語文教基金會,0860307,台北市內湖區洲子街60號4樓,以推廣聽覺口語法之專業教育，協助聽障兒童全人發展，及其他有關聽障教育事項為宗旨。,設立基金共新臺幣壹仟萬元整，由鄭欽明及倪安寧共同捐助；俟完成法人登記後，得繼續接受捐贈,教育部85.12.26.台(85)社(四)字第85525678號函,永久,118868800.00,1,1120116,,1120130,,全體董事印鑑式。,,,,
112法登他000021,1,2,曾瓊安,992,1120117,1120117,1120118,50冊6頁,2,6,黃茂雄,財團法人萬益社教基金會,0961231,台北市南港區三重路19之2號9樓,以發展社會教育、振興學術研究、培養優秀人才、推廣藝文活動，並以贊助教育、文化及公益事業為目的。,設立基金共新臺幣參仟萬元整(現金)，由東元電機股份有限公司、黃茂雄及黃林和惠共同捐助。俟依法完成財團法人登記後，得繼續接受捐贈。,教育部中華民國96年12月28日台社（四）字第0960202246號函,永久,30000000.00,1,1120117,,1120130,,全體董事印鑑式。,,,,
112法登他000022,1,2,曾瓊安,1489,1120117,1120117,1120118,75冊3頁,2,12,陳衛民,財團法人國防管理學院校友文教基金會,0790113,台北市北投區中央北路2段70號,以倡導管理科學之學術研究與發展，提昇企管、財管、資訊、法律等之教育品質，帶動學術研究之風氣，增進教育之效果為目的。,設立基金新台幣110萬元(現金)，由校友及熱心人士捐助，俟依法完成財團法人登記後，得繼續接受捐贈。,教育部中華民國78年12月28日台（78）社字第64197號函,永久,7000000.00,1,1120117,,1120130,,新任董事印鑑式，連任董事援用原印鑑。,,,,
112法登他000023,1,2,曾瓊安,1131,1120117,1120117,1120118,57冊5頁,1,9,李述湘,財團法人國軍暨家屬扶助基金會,0870410,台北市內湖區行愛路77巷67號3樓,為能激勵國軍官兵士氣，以期安定軍心，以能顧及眷心，以達撫生慰死之目的。,設立基金新台幣貳仟萬元由軍人之友社、社會各界人士暨婦女聯合會等捐助；嗣後得繼續接受捐贈。,"國防部中華民國87年1月20日  (87)祥福字第00608號函",永久,510000000.00,1,1120117,,1120130,,繼任董事印鑑式。,,,,
112法登他000024,1,2,曾瓊安,66,1120118,1120118,1120130,3冊31頁,1,3,釋仁華（蔡采杏）,財團法人華梵佛學研究所,0780628,台北市士林區仰德大道2段110巷22號,在宏揚般若思想，菩薩悲智精神及促進國際佛教文化之交流。,捐助,教育部69.9.26台(69)高字第二九七三六號函,永久,10118236.00,1,1120119,,1120207,,繼任董事印鑑式。,,,,
112法登他000025,1,2,曾瓊安,1519,1120118,1120118,1120130,76冊13頁,2,8,鄭榮德,財團法人台北市三寶社會福利慈善基金會,0901127,台北市內湖區瑞光路583巷25號2樓,以辦理救濟貧窮、扶助老弱婦孺為目的,設立基金新台幣一千萬元，由捐助人無償捐助之；嗣後得由捐助人或其他個人、團體隨時補充之,臺北市政府社會局中華民國90年10月15日北市社二字第9027569500號函,永久,10000000.00,1,1120119,,1120207,,全體董事印鑑式。,,,,
112法登他000026,2,2,曾瓊安,1568,1120118,1120118,1120130,79冊2頁,2,19,王鴻源,社團法人中華民國醫用超音波學會,1001230,台北市大同區重慶北路2段207號8樓之1,以聯繫全國各公私立醫療院所及研究機構，從事醫用超音波之研究，以促進醫用超音波之學術發展及應用，並加強與國際醫用超音波學會之交流，強化國民之健康為宗旨。,入會費、常年會費、自由捐款、基金之孳息、補助費、其他收入,內政部中華民國100年12月26日台內社字第1000250367號函,永久,26906142.45,1,1120119,,1120207,,"全體理、監事印鑑式。
法人章程第2、4、5、9、10、11、12、14、17、19、20、22、23、24條條文修正並經主管機關內政部112年1月12日台內團字第1110057713號函予以備查。",,,,
112法登他000027,1,2,曾瓊安,638,1120119,1120119,1120130,32冊31頁,1,10,簡明仁,財團法人大眾教育基金會,0820820,台北市內湖區陽光街300號8樓,除一般文教活動推廣及學校捐助外，並對一般被忽略或弱勢的群體及區域，進行教化活動之奬助，捐助及推廣，以收平衡效果為宗旨。,設立基金共新臺幣壹仟萬元(現金)，由大眾電腦股份有限公司及簡敬、簡道夫、簡明仁、王雪齡及陳誠銘共同捐助。俟依法完成財團法人登記後，得繼續接受捐贈。,教育部82年8月4日台（82）社字第043694號函,永久,174707881.00,1,1120119,,1120207,,法人捐助章程第2條、第15條條文變更並經主管機關教育部111年12月7日臺教社（三）字第1110110411號函許可。,,,,
112法登他000028,2,2,曾瓊安,656,1120119,1120119,1120130,33冊25頁,2,8,徐世新,社團法人中華創價佛學會,0831105,台北市士林區至善路2段250號,以日蓮大聖人佛法積極入世、自行化他的精神為基礎、倡導人性的尊嚴與平等並致力於文化、教育及和平的活動，創造生命最高價值，促進人類的友好及和平為宗旨。,入會費、常年會費、事業費、會員捐款、委託收益、基金及其孳息、其他收入,"內政部83年9月23日  台（83）內社字第8322651號函",永久,100000.00,1,1120119,,1120207,,全體理、監事印鑑式。,,,,
112法登他000029,2,2,曾瓊安,621,1120119,1120119,1120130,31冊40頁,2,9,周俊文,社團法人台灣國際創價學會,0790510,台北市士林區至善路2段250號,以研究、實踐日蓮大聖人佛法積極入世、自行化他的精神為根本、啟迪人心向善；並以世界市民的理念為根基，致力於國際間文化、教育與和平的各項活動，以創造生命最高價值，促進人類的友好與和平為宗旨。,入會費、常年會費、事業費、會員捐款、委託收益、基金及其孳息、其他收入,內政部中華民國79年3月19日台(79)內社字第775301號函,永久,1255608683.00,1,1120119,,1120207,,全體理、監事印鑑式。,,,,
112法登他000030,2,2,曾瓊安,1132,1120119,1120119,1120130,57冊6頁,2,14,黃寶珠,社團法人中華骨髓移植關懷協會,0981113,台北市北投區石牌路2段201號,以結合病友自助、家屬互助、醫療救助及社會協會之力量以提供骨髓移植病人更完善之照顧與心理適應。,入會費、會費、基金孳息、會員捐款、其他收入、骨髓移植者免繳入會費、永久會員會費,內政部中華民國81年11月6日台(81)內社字第8183898號函,永久,1087832.00,1,1120119,,1120207,,"全體理、監事印鑑式。
四、法人章程第6、7、8、9、28條條文修正並經主管機關內政部111年11月3日台內團字第1110048528號函予以備查。",,,,
112法登他000031,1,2,曾瓊安,2396,1120119,1120119,1120130,120冊6頁,1,11,李松青,財團法人台北市義和堂,0450402,台北市內湖區行愛路111號5樓,維持祭祀，維修祖先墓園，闡揚祖德，敦親睦族，增進族人福利，樹立團結互助精神並辦理社會文化教育及公益慈善事業。,由義和堂堂友捐助。,台北市政府45年3月30日（四五）北市民社字第09866號函,永久,1383123239.00,1,1120119,,1120207,,法人捐助章程第3條條文變更並經主管機關臺北市政府民政局112年1月3日北市民宗字第1116005160號函同意備查。,,,,
112法登他000032,1,2,曾瓊安,301,1120130,1120131,1120201,15冊21頁,2,9,蔡鎧安,財團法人國花葉金枝紀念文教基金會,0851203,新北市淡水區新生街51巷31弄1之2號,以紀念葉金枝女士生前關懷兒童教育、藝術、鄉土、音樂、環境、生態等活動繼續發揚其遺願為成立目的。,設立基金由蔡葉偉捐助，俟完成法人登記後，得繼續接受捐助,台北縣政府85年11月9日八五北府教三字第397347號函。,永久,2004600.00,1,1120131,,1120208,,全體董事印鑑式。,,,,
112法登他000033,1,4,曾瓊安,900,1120130,1120131,1120201,45冊14頁,1,8,方儉,方儉即財團法人綠色消費者基金會之清算人,0820330,台北市士林區中山北路6段758號1樓,為發揚綠色思想，推廣消費者環境保護知識與意識，鼓勵廠商生產環保產品，研究綠色消費與綠色行銷，提倡節約能源與保育，提高能源使用效率，共創永續發展之社會。,林俊義、方儉、胡因子、陳玉峰、楊憲宏捐助,"行政院環境保護署中華民國82年3月5日  （82）環署綜字第06915號函",永久,6662475.00,1,1120131,,,方儉,"經財團法人綠色消費者基金會111年12月4日召開董監事聯席會決議選任清算人並經本院民事庭112年1月3日士院鳴民致111年度法字第82號函准予核備。
清算人姓名及地址：方儉、台北市士林區中山北路7段190巷24之2號3樓。 
清算人印鑑式。",,,,
112法登他000034,2,2,曾瓊安,420,1120130,1120131,1120201,21冊19頁,2,13,廖必細,社團法人中華民國生長之家傳道協會,0821217,台北市重慶北路4段251號3樓,以在總攬生長之家教義之該宗教中心者生長之家總裁的指導之下，傳播谷口雅春大聖師所創始之生長之家教義，使人人了悟生命的實相，自覺自己是神子、佛子，藉以貢獻社會光明化為宗旨。,入會費、常年會費、事業費、捐款、委託收益、基金及其孳息、其他收入,內政部81年12月8日　台（81）內社字第8190376號函,永久,36432400.00,1,1120131,,1120208,,全體理、監事印鑑式。,,,,
112法登他000035,2,2,曾瓊安,1939,1120130,1120222,1120224,97冊13頁,2,3,陸美璇,社團法人中華三三六國際精油交流協會,1080306,新北市汐止區福德二路55巷1弄11號4樓,推廣天然植物精油之保健為目的，促進國人身心靈之整體健康，並藉由施用精油、按摩等方式來帶動社會大眾幫助需要關懷的弱勢族群，包括身心障礙者、兒童少年、婦女、老人，以達成本會任務。,入會費、常年會費、事業費、會員捐款、委託收益、基金及其孳息、其他收入,內政部中華民國107年11月21日台內團字第1070077274號函,永久,3000.00,1,1120222,,1120306,,全體理、監事簽名式及印鑑式。,,,,
112法登他000036,1,2,曾瓊安,1482,1120131,1120131,1120201,74冊16頁,2,10,劉步遠,財團法人沈剛伯曾祥和文化教育基金會,0791016,台北市內湖區內湖路1段1巷9弄28號5樓,以提倡歷史學術研究為宗旨。,設立基金由余紀忠、馬樹禮、吳舜文、易勁秋、王國琦、張豫生、謝森中、王曾才、李渙等捐助；102年沈念祖為紀念母親曾祥和，捐款新台幣壹佰參拾捌萬元整；俟完成法人登記後，得繼續接受捐贈,教育部中華民國78年11月27日台（78）社字第58600號函,永久,2760000.00,1,1120131,,1120209,,全體董事印鑑式。,,,,
112法登他000037,1,2,曾瓊安,687,1120131,1120207,1120208,34冊58頁,1,7,陳威明,財團法人大德安寧療護發展基金會,0920820,台北市北投區石牌路2段201號,以促進及推展大德安寧療護業務為目的。,由張茂松等人捐助新台幣貳仟零參萬元為設立基金，詳如捐助人名冊。嗣後並得繼續接受國內外之個人或團體之捐贈。,行政院衛生署中華民國92年4月22日衛署醫字第0920201275號函,永久,20030000.00,1,1120207,,1120216,,繼任董事簽名暨印鑑式。,,,,
112法登他000038,1,2,曾瓊安,433,1120202,1120208,1120210,22冊7頁,1,4,陳雪芬,財團法人媽媽監督媒體文教基金會,0880824,台北市北投區光明路121號2樓,以探討國內媒體之表現及維護生活環境為宗旨，進而提高國民生活品質、弘揚媒體社教文化及維護生活環境、培養媒體人才及舉辦教育性、正當休閒娛樂等社會教育活動為宗旨。,設立基金新台幣壹仟萬元整，由陳雪芬等捐助；俟依法完成法人登記後，得繼續接受捐贈,"教育部中華民國88年7月31日台(88) 社( 四) 字第88090310號函",永久,10000000.00,1,1120208,,1120218,,法人捐助章程變更經主管機關教育部許可及經本院111年度法字第74號民事確定裁定准予變更，變更內容詳如捐助章程修正對照表。,,,,
112法登他000040,1,2,曾瓊安,630619,1120204,1120207,1120208,3冊33頁,1,13,李傳洪,財團法人臺北市私立薇閣國民小學,0631221,臺北市北投區育仁路106號,為遵照國家教育政策暨現行教育法令之規定，辦理國民小學，並謀其健全發展之目的，設立財團法人臺北市私立薇閣國民小學。,財產（包括動產、不動產及其他產權）由財團法人私立薇閣育幼院等捐助及收入購置，其總值為新台幣壹億捌千捌佰壹拾肆萬陸仟參佰捌拾元。嗣後並得繼續接受國內外之個人、法人或團體之捐贈。,臺灣省政府教育廳40年10月6日(40)酉魚教四字第40954號,永久,424775175.00,1,1120207,,1120216,,,,,,
112法登他000041,1,2,曾瓊安,52,1120204,1120207,1120208,3冊3頁,2,9,莊靜芬,財團法人台北市莊淑旂社會福利事業基金會,0770822,台北市士林區天母北路68-10號1樓,以辦理老人福利事業為目的。,設立基金新臺幣壹佰貳拾萬元整，由捐助人無償捐助之，嗣後得由捐助人隨時補充,台北市政府社會局77.8.6北市社三字第27312號函,永久,1200000.00,1,1120207,,1120216,,"全體董事簽名暨印鑑式。
五、法人捐助章程變更經主管機關許可及經本院109年度法字第139號民事確定裁定准予變更，變更內容詳如捐助章程修正對照表。",,,,
112法登他000042,2,2,曾瓊安,800,1120204,1120217,1120220,40冊14頁,2,10,朱佳仁,社團法人中華民國風工程學會,0940317,新北市淡水區英專路151號,以整合國內風工程相關研究學者與團體，推動風工程學術研究與應用推廣工作，提供工程界所需風工程相關服務諮詢並促進與國際風工程學術團體交流為宗旨。,入會費、常年會費、補助及贊助費、會員捐款、委託收入、其他收入,"內政部  中華民國92年12月1日台內社字第0920042897號函",永久,78924.00,1,1120217,,1120301,,全體理、監事印鑑式。,,,,
112法登他000043,1,2,曾瓊安,590,1120204,1120207,1120208,30冊7頁,2,8,陳尚仁,財團法人錦堂教育基金會,0901120,新北市汐止區大同路2段125號3樓,以培育科技人才、提倡前瞻思想、促進社會進步為宗旨。,設立基金新台幣貳佰萬元整，由陳錦堂等人共同捐助，俟完成法人登記後，得繼續接受捐助。,台北縣政府　中華民國90年11月5日　90北府教社字第404156號函,永久,2000000.00,1,1120207,,1120216,,全體董事印鑑式。,,,,
112法登他000044,2,2,曾瓊安,2011,1120204,1120208,1120210,101冊5頁,2,2,王莉萱,社團法人臺北市樂齡健康暨藥事照護協會,1081107,台北市士林區士商路72號,以增進樂齡健康及推動藥事照護，促進相關政策執行及有關產業之發展為宗旨,年費、終身會員、會員或非會員捐款、委託收益、基金及其孳息、事業收入、其他收入,臺北市政府社會局中華民國108年10月17日北市社團字第1083162376號函,永久,1000.00,1,1120208,,1120218,,"全體理、監事印鑑式。
四、法人章程第33條條文變更並經主管機關臺北市政府社會局110年12月15日北市社團字第1103180811號函予以核備。",,,,
112法登他000045,2,2,曾瓊安,2180,1120204,1120210,1120213,109冊10頁,2,2,吳芷儀,社團法人台灣美容微創協會,1081202,臺北市大同區承德路1段66號4樓,以發展美容技術為目的，進而美容相關人員技術提昇專業、服務與品質，希望培訓更多美容產業人才，進入美容產業前的職前教育訓練及以微型創業方式輔導創業，並推廣美容技術產業與國際美容技術產業互動交流為宗旨。,入會費、常年會費、事業費、會員捐款、委託收益、基金及其孳息、其他收入。,內政部中華民國107年9月22日台內團字第1070076184號函,永久,1000.00,1,1120210,,1120221,,全體理、監事印鑑式。,,,,
112法登他000046,2,2,曾瓊安,1391,1120204,1120208,1120210,70冊5頁,2,3,黃瑋芸,社團法人臺北市接觸點社區關懷協會,1011011,台北市內湖區內湖路3段143巷11號,以關注社區之需要、扶助弱勢民眾、凝聚社區意識、發揮彼此相顧之愛心及營造健全美滿家庭為宗旨。,入會費、常年會費、政府機關之補助、捐助收入、社區辦理福利服務活動收入、基金及其孳息、贊助會員之贊助捐獻、其它收入,臺北市政府社會局中華民國101年7月11日北市社團字第10139075200號函,永久,204900.00,1,1120208,,1120218,,全體理、監事印鑑式。,,,,
112法登他000049,2,2,曾瓊安,2401,1120206,1120208,1120210,120冊11頁,2,14,陳宗鑫,社團法人中華台北著作權人協會,0721217,台北市士林區延平北路5段276巷4號4樓,以維護著作權人權益，促進文化發展為宗旨。,入會費、常年會費、會員贊助款、其他收入。,內政部65年12月2日台內社字第712483號函,永久,2450022.00,1,1120208,,1120218,,全體理、監事印鑑式。,,,,
112法登他000050,1,2,曾瓊安,1702,1120206,1120208,1120210,85冊16頁,2,3,黃昆輝,財團法人黃昆輝教授教育基金會,1050912,台北市內湖區行善路455號4樓,以探究教育問題、提振教育人員工作士氣、激勵學生向善向上學習精神、促進教育發展為宗旨。,設立基金共新台幣參仟萬元整，由林陳海先生及其他熱心教育人士捐助；俟依法完成法人登記後，得繼續接受捐贈,教育部中華民國105年9月8日臺教社（三）字第1050125371號函,永久,30000000.00,1,1120208,,1120218,,全體董事印鑑式。,,,,
112法登他000051,1,2,曾瓊安,1346,1120208,1120208,1120210,67冊20頁,1,10,施明德,財團法人施明德文化基金會,0820823,台北市北投區行義路130巷22號,以落實施明德先生一生致力實現之族群和解、國家的自由、平等、民主與人權，以及維護兩岸和平、交流為宗旨，並推動對台灣的歷史、文化和藝術之研究與創作。,設立基金共新台幣貳佰萬元整，由施明德捐助；俟完成法人登記後，得繼續接受捐助,臺南市政府中華民國82年8月11日南市教社字第101629號函,永久,5000000.00,1,1120208,,1120218,,法人捐助章程第2條及第17條條文變更，並經主管機關臺北市政府文化局111年12月19日北市文化文創字第1113037114號函同意。,,,,
112法登他000052,1,2,曾瓊安,778,1120209,1120209,1120210,39冊34頁,2,6,施明仁,財團法人施再金公益衛生基金會,0931111,台北市內湖區金湖路133號17樓,為獎助醫藥衛生相關學問研究，提供各級醫藥學系優秀學生獎助學金，並贊助神經再生相關研究所需費用、辦理其他有關預防保健、研究開發藥物等公益事業，以促進全民身體健康、國家社會之安定幸福為宗旨。,由施再金先生捐助新台幣壹仟萬元為設立基金，詳如捐助人名冊及捐助財產清冊。嗣後並得繼續接受國內外自然人、法人、機構或團體之捐贈。,行政院衛生署93年8月13日衛署醫字第0930216095號函,永久,20000000.00,1,1120209,,1120218,,"全體董事簽名暨印鑑式。
五、法人捐助章程第4條條文變更並經主管機關衛生福利部112年2月1日衛部醫字第1121660667號函許可。",,,,
112法登他000053,1,2,曾瓊安,1854,1120209,1120209,1120210,93冊8頁,1,7,楊政賢,財團法人原舞者文化藝術基金會,0900822,新北市汐止區長青路217巷6號,以辦理原住民樂舞、文化藝術研究及有關活動之推廣為宗旨。,設立基金共新台幣貳佰萬元整，由原舞者舞團捐助，俟依法完成法人登記後，得繼續接受捐助,臺北縣政府文化局中華民國90年8月14日九十北文行字第4625號函,永久,2000000.00,1,1120209,,1120218,,繼任董事印鑑式。,,,,
112法登他000055,1,2,曾瓊安,377,1120213,1120214,1120215,19冊13頁,1,7,胡元輝,財團法人公共電視文化事業基金會,0870608,台北市內湖區康寧路3段75巷50號,以健全公共電視之發展，建立為公眾服務之大眾傳播制度，彌補商業電視之不足，以多元之設計，維護國民表達自由及知之權利，提高文化及教育水準，促進民主社會發展，增進公共福祉為宗旨。,創立基金為新臺幣一億元，由行政院新聞局編列預算捐助；政府歷年編列籌設公共電視臺預算所購之財產，於完成法人登記後逕行捐贈本基金會,行政院新聞局87.6.1.(87)建廣三字第08419號函,永久,5637176125.00,1,1120214,,1120223,,第7屆董事李志德辭任。,,,,
112法登他000058,1,2,曾瓊安,1479,1120214,1120214,1120215,74冊13頁,2,4,楊絲琦,財團法人臺北市李楊月桃教育基金會,1021125,臺北市大同區延平北路1段47號13樓,以辦理臺北市透過教育方式達成增進個人成長並資助清寒學生學習為宗旨。,"設立基金共新臺幣30,002,236元整(包括現金15,002,236元及非現金資產15,000,000元)，由李開勳、李開征、李昱壐、鑫德投資有限公司等人捐助。俟依法完成財團法人登記後，得繼續接受捐贈。",臺北市政府教育局中華民國102年11月18日北市教社字第10239418600號函,永久,408404154.00,1,1120214,,1120223,,全體董事簽名暨印鑑式。,,,,
112法登他000059,1,2,曾瓊安,387,1120214,1120214,1120215,19冊33頁,1,9,李遠,財團法人紙風車文教基金會,0870831,新北市汐止區秀山路125巷15號,以鼓勵藝術文化創作，推動藝文欣賞風氣並普及藝術教育為宗旨。,設立基金共計新台幣貳佰萬元整，由李永豐先生捐助；俟依法完成法人登記後，得繼續接受捐助,台北縣政府87年2月20日八七北府教三字第047427號,永久,2000000.00,1,1120214,,1120223,,繼任董事印鑑式。,,,,
112法登他000060,2,2,曾瓊安,739,1120216,1120216,1120217,37冊34頁,1,6,吳錫銘,社團法人世界和平會,0930513,台北市大同區重慶北路2段196號2樓,"（一）以祈願做為心靈淨化的開端，達到教化社會大眾身心平和的功能。
（二）提升熱心公益義工的能力。
（三）結合各界善心人士的力量，共同創造人間淨土。
（四）推動世界和平、心靈和平、身體和平、環境和平、生命圓滿。",入會費、常年會費、事業費、會員捐款、委託收益、基金及其孳息、其他收入,內政部中華民國89年8月14日台（89）內社字第8961520號函,永久,1650.00,1,1120216,,1120301,,繼任理事印鑑式。,,,,
112法登他000061,1,2,曾瓊安,590383,1120216,1120216,1120217,2冊63頁,1,14,陳玉坤,財團法人台北市關渡宮,0590505,臺北市北投區知行路360號,以宏揚聖母教義促進地方宗教，並管理本法人財產及辦理社會慈善公益事業為宗旨。,設立基金共新台幣肆億肆仟陸佰貳拾萬參仟柒佰伍拾玖元整，嗣後得由各界樂捐之款項、專款收入、財產孳息、其他屬於本法人收入各種之款項撥充之,陽明山管理局改制為台北市政府民政局59年3月,永久,1894833488.00,1,1120216,,1120301,,,,,,
112法登他000062,1,2,曾瓊安,1167,1120216,1120216,1120217,59冊1頁,1,4,林建仲,財團法人李幸娥紀念基金會,0980902,台北市內湖區行愛路77巷61號7樓,以辦理社會福利慈善事業為目的。,設立基金新臺幣參仟萬元整，由許瑞昇、許嘉真、許耀元等捐助成立；嗣後得繼續接受捐贈,內政部中華民國98年8月19日內授中社字第0980700616號函,永久,30000000.00,1,1120216,,1120301,,繼任董事印鑑式。,,,,
112法登他000063,1,2,曾瓊安,233,1120217,1120217,1120220,12冊5頁,2,9,黃葉寶鳳,財團法人黃清標慈善基金會,0840612,台北市大同區太原路7-3號,以辦理社會福利慈善事業為目的。,設立基金共新臺幣壹仟萬元整，由黃清標、黃呈瑞、黃呈琮及黃淑珍等四人捐助成立，詳如捐助人名冊及捐助財產清冊。嗣後並得繼續接受國內外自然人、法人、機構或團體之捐贈。,台北市政府社會局84.4.17北市社二字第17554號函,永久,30000000.00,1,1120217,,1120301,,全體董事印鑑式。,,,,
112法登他000064,1,2,曾瓊安,698,1120217,1120217,1120220,35冊31頁,2,11,林經甫,財團法人臺原藝術文化基金會,0790320,台北市西寧北路79之3號1樓,以保存、傳承並推廣相關國際性與地方文化資產價值為目的。,設立基金現金共新臺幣參佰萬元整，由林經甫先生獨資捐助，俟依法完成文化法人登記後，得繼續接受捐贈。,79年2月16日教育部　台（79）社字第6575號函,永久,3000000.00,1,1120217,,1120301,,全體董事印鑑式。,,,,
112法登他000065,2,2,曾瓊安,817,1120217,1120217,1120220,41冊11頁,2,8,杜俊元,社團法人中華民國醫事放射師公會全國聯合會,0940708,台北市大同區重慶北路2段35號6樓之1,以團結全國醫事放射師，增進專業知能、服務社會，維護會員權益、提升地位為宗旨。,入會費、常年會費、事業費、規費、會員捐助費、委託收益、政府補助、基金及孳息、其他收入,"內政部  中華民國90年3月29日台（90）內中社字第9013247號函",永久,4150250.00,1,1120217,,1120301,,"全體理、監事印鑑式。
四、法人章程第35條條文變更並經主管機關內政部110年1月12日台內團字第1090064885號函予以備查。",,,,
112法登他000066,2,2,曾瓊安,1540,1120217,1120217,1120220,77冊14頁,2,3,張謝金娥,社團法人中華基督教加倍愛全人關懷協會,1030923,臺北市南港區忠孝東路7段625巷16號,在耶穌基督「陪他走二里路」的慈心感召下，以關懷全人為目的，結合神職人員及基督徒傳揚基督真理，並以實踐信望愛之精神積極投入全人關懷、身心靈教化及社區服務工作，以造福人群為宗旨，讓都市人成為有盼望，有喜樂的人。,入會費、會員捐款、政府補助、存款孳息、委託收益、其他收入,內政部中華民國103年9月1日台內團字第1030212226號函,永久,8400.00,1,1120217,,1120301,,全體理、監事印鑑式。,,,,
112法登他000067,2,2,曾瓊安,1176,1120217,1120217,1120220,59冊10頁,2,5,許正郎,社團法人臺北市信友愛鄰關懷協會,0990518,台北市北投區大業路164號8樓,以扶助弱勢族群，促進家庭和諧，增進居民福利，建設安和融洽、團結互助之現代化社會為宗旨。,入會費、常年會費、會員捐款、委託收益、基金及其孳息、其他收入,臺北市政府社會局中華民國98年12月8日北市社團字第09845300100號函,永久,24000.00,1,1120217,,1120301,,全體理、監事印鑑式。,,,,
112法登他000068,1,2,曾瓊安,620508,1120218,1120220,1120222,3冊1頁,2,14,曹安娜,恕德學校財團法人,0620512,台北市內湖區內湖路1段353號,為謀其發展為目的，設立恕德學校財團法人。,設立基金總額新台幣參仟參佰壹拾柒萬玖仟柒佰伍拾肆元陸角整，由創辦人兼校長趙筱梅博士捐贈；嗣後並得繼續接受國內外之個人、法人或團體之捐贈,54年7月5日台灣省政府教育廳教三字第2796號,永久,822262010.00,1,1120220,,1120302,,全體董事印鑑式。,,,,
112法登他000069,2,2,曾瓊安,2275,1120218,1120220,1120222,114冊5頁,1,1,謝志明,社團法人臺北市天母石濤園童軍協會,1101123,臺北市大同區哈密街23巷3號,致力於將童軍精神融入於生活學習並擴展至國際性交流，以智、仁、勇為基礎，培養青少年如同橡樹一般，協助他們探索、挖掘個人天賦，同時兼具勇敢、堅毅、強壯及有愛等特質，成為良好公民並將自身所學回饋於社會。,入會費、常年會費、會員捐款、委託收益、基金及其孳息、其他收入,臺北市政府社會局中華民國110年11月3日北市社團字第1103151041號函,永久,0.00,1,1120220,,1120302,,"一、法人章程第7條及第35條條文變更並經主管機關臺北市政府社會局112年2月4日北市社團字第1123009924號函予以備查。
二、理事長印鑑變更。",,,,
112法登他000070,1,2,曾瓊安,479,1120220,1120220,1120222,24冊25頁,2,5,林文中,財團法人台灣樂舞文教基金會,0890408,新北市淡水區坪頂路66號6樓,以推動台灣舞蹈文化藝術之發展、促進與世界各國舞蹈文化交流為宗旨。,設立基金會共新台幣二佰萬元整，由基金會創辦人蔡麗華教授捐助，依本會依法完成財團法人登記後，得繼續接受捐助。,台北縣文化局中華民國89年3月16日八九北文行字第1028號函,永久,2000000.00,1,1120220,,1120302,,"全體董事印鑑式。
六、法人捐助章程變更並經主管機關新北市政府文化局112年1月13日新北文發字第1120067531號函核准變更。",,,,
112法登他000071,2,2,曾瓊安,2137,1120220,1120220,1120222,107冊11頁,2,2,陳美萃,社團法人中華基督教西塔浸信會,1091022,臺北市內湖區星雲街152號B1,以聖經為根基、實踐基督信仰為目的，敬拜三位一體獨一真神，傳揚福音、施行聖禮、造就信徒靈性、訓練門徒、建立教會。並本著「神愛世人」的精神，積極推動社會服務與公益慈善，促進嬰幼兒、兒童、青少年、成人、長者之身、心、靈健康與全人幸福，藉以擴大上帝的國為旨。,入會費、常年會費、事業費、會員捐款、委託收益、基金及其孳息、其他收入,內政部中華民國107年9月11日台內團字第1070063180號函,永久,178103.00,1,1120220,,1120302,,全體理、監事印鑑式。,,,,
112法登他000072,1,2,曾瓊安,935,1120220,1120220,1120222,47冊9頁,2,7,林桂華,財團法人雲林縣李福來教育基金會,0940204,雲林縣水林鄉大溝村大溝路10之3號,以促進兒童成長、青少年教育、人格發展與人文素養為宗旨。,由林桂華、李忠良、錢幼麗、張麗娟、智友股份有限公司捐助。俟本會完成登記後，得繼續接受捐贈,雲林縣政府93年12月27日府教社字第0930406267號,永久,20000000.00,1,1120220,,1120302,,全體董事印鑑式。,,,,
112法登他000073,1,2,曾瓊安,600403,1120220,1120220,1120222,2冊67頁,1,14,李傳洪,財團法人台北市私立薇閣高級中學,0600106,臺北市北投區珠海路50號,為從事教育，發揚固有文化、培養民族精神、自治力量、公民道德以及健全體能，研究科學、修習生活智能之目的，設立財團法人台北市私立薇閣高級中學。,設立之財產總額為新台幣貳仟壹佰玖拾陸萬玖仟柒佰柒拾伍元，由發起人李揚敬、黃麟書、林翼中、江茂森、劉家仁等捐助設立；嗣後並得繼續接受國內外之個人、法人或團體之捐贈。,陽明山管理局59.12.26陽明教中字第34242號已改制為台北市政府教育局,永久,701791373.00,1,1120220,,1120302,,,,,,
112法登他000074,1,2,曾瓊安,1745,1120221,1120221,1120222,87冊19頁,1,2,范嘉玲,財團法人臺北市陳玉梅紀念慈善基金會,1060329,台北市大同區重慶北路3段139號11樓,以辦理臺北市社會福利為目的。,本基金會捐助財產總額為新臺幣貳仟萬元整，由捐助人無償捐助之；本基金會許可設立後，基金得由捐助人或其他個人、團體隨時補充之。,臺北市政府社會局中華民國106年3月22日北市社團字第10634297700號函,永久,20000000.00,1,1120221,,1120302,,繼任董事印鑑式。,,,,
112法登他000075,2,2,曾瓊安,2312,1120221,1120221,1120222,116冊2頁,1,2,王金平,社團法人臺灣道教聯合會,1110323,台北市內湖區內湖路1段323巷15弄15號4樓,以促進臺灣道教界各地方，宮、觀道廟之團結及提升宮廟服務人員素質，以舉辦各類道教之講經說法、合辦各種祈福法會及宮廟座談會等方法、來為信眾及地方社稷消災祈福，以達到宏揚道教信仰為宗旨。,入會費、常年會費、事業費、會員捐款、委託收益、基金及其孳息、其他收入,內政部中華民國105年2月25日台內團字第1050011045號函,永久,0.00,1,1120221,,1120302,,,,,,
112法登他000076,1,2,曾瓊安,1890,1120221,1120221,1120222,95冊4頁,1,4,林進興,財團法人脊髓損傷社會福利基金會,1010328,台北市大同區民權西路136號16樓之6,以提升脊髓損傷者的社會參與，創造一個友善的社會環境為目的。,設立基金總額為新臺幣貳仟陸佰陸拾柒萬柒仟元整，由柏成投資、榮科實業、匯智資訊股份有限公司、西門獅子會、台灣復健醫學會等共計33個機構及個人捐助；嗣後得由捐助人或其他個人、團體補充之,臺北市政府社會局中華民國101年2月23日北市社團字第10132314900號函,永久,30000000.00,1,1120221,,1120302,,法人捐助章程變更經主管機關許可及經本院111年度法字第78號民事確定裁定准予變更，變更內容詳如捐助章程修正對照表。,,,,
112法登他000077,2,2,曾瓊安,1057,1120221,1120222,1120224,53冊11頁,2,15,陳宗台,社團法人台灣發明協會,0971014,台北市士林區延平北路5段276巷4號4樓,以維護國人發明專利事業促進工商業發展，加速經濟建設及增進會員福利為宗旨。,入會費、常年會費、會員捐款、其他收入,內政部中華民國61年1月23日台內社字第0950083485號函,永久,831286.00,1,1120222,,1120306,,全體理、監事印鑑式。,,,,
112法登他000078,2,2,曾瓊安,39,1120221,1120222,1120224,2冊19頁,1,12,王振榮,社團法人台北市王姓宗親會,0770304,台北市迪化街2段243巷2號,以闡揚祖德、敦睦宗誼、增進族人福利，樹立團結互助精神為宗旨。,會員入會費、會員常年會費、會員特別捐、其他收入,台北市政府社會局76.10.28北市社會字第766號函,永久,1500000.00,1,1120222,,1120306,,遞補理事印鑑式。,,,,
112法登他000079,2,2,曾瓊安,986,1120221,1120222,1120224,49冊20頁,2,8,堀江昌平,社團法人台灣精緻咖啡協會,0961210,台北市內湖區瑞光路26巷36弄6號2樓,針對消費者及生產者加深對精緻咖啡的認識度與理解度，推動由咖啡樹的栽培到一杯咖啡為止的整個體系的相關常識、技術的普及與啟蒙活動，以期增加精緻咖啡的消費量。藉由不斷倡導要生產安定且高品質的咖啡豆能更加廣泛的被推動並流通於市場，提升咖啡的附加價值。藉此改善生產產國的生產環境，並提昇生產農家的生活品質，達到生產者與消費者的雙贏。,入會費、常年會費、事業費、會員捐款、委託收益、基金及其孳息、其他收入,內政部中華民國96年4月25日台內社字第0960066532號函,永久,100000.00,1,1120222,,1120306,,"全體理、監事印鑑式。
四、法人章程第28條條文變更並經主管機關內政部99年11月11日台內社字第0990223897號函准予備查。",,,,
112法登他000080,1,5,曾瓊安,788,1120223,1120223,1120224,40冊2頁,1,2,紀效娟即清算人,紀效娟即財團法人人仁文化藝術基金會之清算人,0940117,台北市大同區民族西路225巷7弄1號6樓,結合各界資源，促進藝文發展，提昇民眾生活品質。,設立基金新臺幣500萬元整，由賴大王及紀效娟捐助。俟完成法人登記後，得繼續接受捐贈,臺北市政府文化局93年12月31日北市文化四字第09332082500號函,永久,5000000.00,1,1120223,,,紀效娟,"清算人執行職務情形：清算人了結現務時法人之賸餘財產為新台幣5234150元，清算期間自111年5月10日至111年12月16日止，其中新台幣5008150元，依捐助章程規定捐贈中華民國愛加倍社會福利關懷協會、古名伸舞蹈團、台灣以馬內利資源服務協會、體相舞蹈劇場及輔仁大學學校財團法人輔仁大學；另畫作2幅捐贈中華民國愛加倍社會福利關懷協會，清算完結並報經本院民事庭於112年2月13日以士院鳴民格112年度法字第4號函准予備查。
清算終結日期：111年12月16日。",,,,
112法登他000081,1,2,曾瓊安,614,1120223,1120324,1120327,31冊19頁,1,7,張光輝,財團法人合聯公益基金會,0910530,台北市大同區承德路2段142號7樓之2,以從事社會救助、推動社會公益、促進社會祥和為宗旨。,設立基金新台幣壹億貳仟萬元整，由中華民國合作社聯合社以歷年提撥累積之公益金捐助。經費來源：㈠基金運用之孳息。㈡委託收益。㈢政府或民間捐贈。,內政部中華民國91年5月6日台內中社字第0910070810號函,永久,125220164.00,1,1120324,,1120406,,法人捐助章程第7條及第15條條文變更經主管機關衛生福利部許可辦理及本院112年度法字第8號民事確定裁定准予變更，變更內容詳如捐助章程修正對照表。,,,,
112法登他000082,1,2,曾瓊安,287,1120223,1120223,1120224,14冊33頁,1,28,許勝雄,財團法人中國生產力中心,0450626,新北市汐止區新台五路1段79號2樓,本中心以執行主管機關產業發展政策，協助企業精進經營管理技術，提昇生產力與競爭力，促進經濟發展為目的。,設立基金由各公民營工商事業等五十單位共同捐助，嗣後並得接受國內外公、私機構及個人之現金、財產物資等經費性質、或基金性質之捐贈,經濟部中華民國45年6月20日發文經台四五工字第06026號函,永久,10000000.00,1,1120223,,1120306,,繼任董事簽名式。,,,,
112法登他000083,1,2,曾瓊安,630605,1120224,1120224,1120224,3冊29頁,2,17,蘇慶福,財團法人中國社會行為研究社中華崑崙道苑基金會,0631028,台北市士林區承德路4段10巷36號,以財團之房地產維護與正常運用為目的。,"設立基金共新台幣1,986,207元整(包含土地房屋總值)。由中社撥贈之創立基金，及各界自願捐贈之捐款。",內政部63.6.27台內社字第593376函,永久,23066438.00,1,1120224,,1120306,,全體董事簽名暨印鑑式。,,,,
112法登他000084,1,2,曾瓊安,500143,1120224,1120307,1120308,1冊69頁,1,62,方東三,財團法人台灣神學院,0500720,台北市士林區仰德大道2段2巷20號,以傳揚基督福音，培養基督教傳教人才，並發展台灣基督長老教會及辦理公益、文教、出版事業為目的。,由財團法人北部台灣基督長老教會大會所捐贈,陽明山管理局50.7.10政民字第15161號,永久,36907170.00,1,1120307,,1120316,,繼任董事簽名暨印鑑式。,,,,
112法登他000085,1,2,曾瓊安,670744,1120301,1120301,1120301,3冊71頁,1,21,蘇嬰珠,財團法人臺北市私立靜修高級中學,0670116,台北市大同區寧夏路59號,為創辦私立靜修高級中學暨附設國民中學部並謀其發展為目的。,設立基金新台幣貳億壹仟貳佰零肆萬柒仟捌佰陸拾玖元壹角肆分整，由財團法人台灣省天主教道明傳教修女會捐助；嗣後並得繼續接受國內外之個人、法人或團體之捐贈,台灣省政府教育廳40.4.14(40)卯寒字第14586號函,永久,837273030.00,1,1120301,,1120309,,,,,,
112法登他000086,1,2,曾瓊安,312,1120302,1120302,1120303,16冊3頁,2,8,黃遠鵬,財團法人新北市基督教新希望教會,0860505,新北市淡水區北新路169巷46號8樓,係廣傳基督福音，訓練信徒從事普世宣教、社會教育，及辦理社會福利慈善公益、救助等事業。,由馮豔薇小姐捐助，嗣後得繼續接受捐助,台北縣政府86.4.30北府民二字第154727號,永久,1142326.80,1,1120302,,1120313,,全體董事簽名暨印鑑式。,,,,
112法登他000087,2,2,曾瓊安,2172,1120302,1120307,1120308,109冊2頁,1,2,江家珍,社團法人JiG國際藝術創作力亞太區發展協會,1100127,新北市淡水區沙崙路1段107號22樓,為推廣優化社區、城鎮，生活與藝術美學推展，提倡藝術創作常民化，且以啟發藝術創作力為概念，透過藝術與生活整合，讓生活變得更美好，經由分年齡、程度的社區藝術創作力課程，使社區、鄉鎮老人、小孩與青年的藝術創作力被啟發累積，深耕社區、鄉鎮文化之總體營造、倡導人文關懷之社會風氣。,入會費、常年會費、事業費、會員捐款、委託收益、基金及其孳息、其他收入。,內政部中華民國109年8月14日台內團字第1090045178號函,永久,1000.00,1,1120307,,1120316,,"法人圖記變更。
新法人圖記印鑑式。",,,,
112法登他000088,1,2,曾瓊安,1668,1120302,1120302,1120303,84冊2頁,2,3,李德財,財團法人宏華環境保護與數位未來基金會,1050317,台北市大同區民生西路152號,以環境保護、發展永續環境、提升生活環境品質、推動資訊社會與數位未來為宗旨。,設立基金共新臺幣伍佰萬元整，由李德財、陳麗華、楊德華等捐助；俟依法完成法人登記後，得繼續接受國內外個人或團體之捐贈,行政院環境保護署中華民國105年3月8日環署綜字第1050017867號函,永久,5000000.00,1,1120302,,1120313,,全體董事印鑑式。,,,,
112法登他000089,1,2,曾瓊安,251,1120302,1120302,1120303,13冊1頁,2,10,余敏誠,財團法人台北市基督教浸信會榮恩堂,0841005,台北市內湖區內湖路3段143巷6號1樓,本博愛之精神，傳揚基督福音，辦理社會公益慈善事業及充實教友靈性生活。,捐助,台北市政府民政局84.9.18北市民三字第26449號函,永久,24320264.00,1,1120302,,1120313,,全體董事簽名暨印鑑式。,,,,
112法登他000090,1,2,曾瓊安,400015,1120302,1120302,1120303,1冊9頁,1,23,王正雄,財團法人王氏太原堂,0401019,台北市迪化街2段243巷2號,以闡揚祖德、敦睦宗誼、增進族人福利，樹立團結互助精神。,資產總額為新台幣二七二、九三○、一二八元整。為達成宗旨得接受宗親或有關單位之捐助。,台北市政府民政局⒑⒓,永久,272930128.00,1,1120302,,1120313,,繼任董事印鑑式。,,,,
112法登他000091,1,2,曾瓊安,136,1120306,1120306,1120306,7冊11頁,1,11,許本爵,財團法人台北市中國基督教靈糧世界佈道會士林靈糧堂,0810904,台北市士林區社中街298巷4弄2號1樓,本基督仁愛精神，以傳道為目的，辦理社會公益慈善教育、長期照顧服務、出版、發行及網路媒體等相關事業。,原始捐助財產總額為新台幣貳佰壹拾玖萬壹仟參佰柒拾伍元整；俟依法完成法人登記後，得繼續接受國內外個人或團體之奉獻及捐贈,台北市政府民政局81.8.22,永久,2844425942.00,1,1120306,,1120314,,法人捐助章程第2條條文變更並經主管機關臺北市政府民政局112年1月30日北市民宗字第1126000238號函同意備查。,,,,
112法登他000092,1,5,曾瓊安,400,1120307,1120307,1120308,20冊19頁,1,7,李建寅即清算人,李建寅即財團法人全球華人競爭力基金會之清算人,0880114,新北市汐止區新台五路1段77號9樓之7,以提倡現代化管理及運用資訊網路科技，協助全球華人強化企業競爭力。,設立基金共新台幣三千萬元整，由十五位創立捐贈人捐助。依法完成財團法人登記後，得繼續接受捐贈。,經濟部88.1.7.經(八八)商字第87229201號,永久,30000000.00,1,1120307,,,李建寅,"清算人執行職務情形：清算人了結現務時法人之賸餘財產為新台幣101088元，清算期間自111年7月1日至111年10月31日止，並依捐助章程規定將賸餘財產全數歸屬新北市政府，清算完結並經本院民事庭111年法字第76號裁定准予備查在案。
二、清算終結日期：111年10月31日。",,,,
112法登他000093,1,2,曾瓊安,1116,1120307,1120307,1120308,56冊10頁,1,6,連錦漳,財團法人全國認證基金會,0920917,新北市淡水區中正東路2段27號23樓,以提供經濟與社會發展需求之公正、客觀、獨立及符合國際規範之第三者認證服務為宗旨。,創立基金共新台幣三千五百八十萬元整，由經濟部標準檢驗局等18家機關（構）共同捐助，嗣後得繼續接受捐贈。,經濟部中華民國92年9月15日經商字第09202184100號函,永久,129815189.00,1,1120307,,1120316,,繼任監察人簽名暨印鑑式。,,,,
112法登他000094,2,2,曾瓊安,1008,1120307,1120307,1120308,51冊2頁,2,8,黃清祥,社團法人台灣攝護腺癌防治協會,0970305,台北市內湖區內湖路1段392號4樓,這是一個全國性跨院區的攝護腺癌病友組織，志在提供病友們治療前的諮詢，治療期間的經驗分享和專業知識的傳遞。並透過各種方式讓病友們互相支持，安慰和鼓勵，以協助大家早日走出罹癌的恐懼，重拾平安喜樂的生活。同時敦請衛生署透過各種媒體，演講及座談會來加強宣導「攝護腺癌」防治觀念及協助推動國各級「攝護腺癌防治協會」之成立為宗旨。,基本會員入會費、基本會員常年會費、事業費、會員捐款、委託收益、基金及其孳息、其他收入,內政部中華民國96年7月18日台內社字第0960113319號函,永久,500000.00,1,1120307,,1120316,,全體理、監事印鑑式。,,,,
112法登他000095,1,2,曾瓊安,742,1120307,1120307,1120308,37冊43頁,2,10,袁志業,財團法人健康傳播事業基金會,0851210,台北市北投區北投路2段13號10樓之1,傳播醫療保健資訊、推動環境保護教育、參與各項公益活動、增進國民身心健康,設立基金總額新台幣伍佰伍拾萬元，由丁守中、鍾煥峰、夏瑞娟、彭慧鸞無償捐助；俟依法完成法人登記後，得繼續接受各界捐助,行政院新聞局85年11月26日　（85）起廣二字第16456號函,永久,10900000.00,1,1120307,,1120316,,全體董事簽名或印鑑式。,,,,
112法登他000096,1,2,曾瓊安,1577,1120309,1120309,1120310,79冊11頁,2,8,吳慶堂,康寧學校財團法人,0890218,台北市內湖區康寧路3段75巷137號,為響應私人捐資興學，培養國家高級學術人才之目的，設立康寧學校財團法人。,設立時之財產總額為新台幣貳億元整，由王榮昌、林政則、王純德等人捐助設立（詳如捐助人名冊及捐助財產清冊）；嗣後並得繼續接受國內外之個人、法人或團體之捐贈,教育部中華民國88年9月29日台八八高三字第88117128號函,永久,4699135259.00,1,1120309,,1120320,,全體董事、監察人印鑑式。,,,,
112法登他000097,1,2,曾瓊安,263,1120309,1120315,1120317,13冊25頁,2,9,許安滿,財團法人台北市基督教士林浸信會,0850111,台北市士林區中山北路5段751巷9號1樓,本基督仁愛精神，傳揚基督教教義，辦理社會公益慈善教育事業。,設立基金新台幣玖拾柒萬玖仟陸佰元整，依法完成法人登記後，得繼續接受國內外個人或團體之奉獻及捐贈,台北市政府民政局84.12.14(84)北市民3字第34341號函,永久,2579600.00,1,1120315,,1120325,,全體董事印鑑式。,,,,
112法登他000098,1,2,曾瓊安,225,1120309,1120309,1120310,11冊29頁,2,10,王曼嬅,財團法人王榮圳文教基金會,0840227,台北市士林區中山北路5段455號5樓,為推廣文化教育，並提昇農業機械水準獎勵學術研究，增進國際學術交流。,設立基金共新台幣壹仟萬元整，由王榮圳先生等6人及榮祥投資股份有限公司、碩文股份有限公司等捐助；俟依法完成法人登記後，得繼續接受捐助,教育部84.2.8台(84)社字第5584號函,永久,21000000.00,1,1120309,,1120320,,全體董事印鑑式。,,,,
112法登他000099,1,2,曾瓊安,436,1120314,1120315,1120317,22冊16頁,1,8,袁靜慧,財團法人純智文教基金會,0880915,新北市汐止區大同路3段369巷9號2樓,以培育教育、科技等不同領域人才，提倡前瞻思想，推廣社會教育公益活動為目的。,設立基金共新臺幣壹仟萬元整，由陸善睿先生捐助成立。俟依法完成財團法人登記後，得繼續接受捐贈。,"教育部　中華民國88年8月31日　台(八八 )社(四 )字第88105830號",永久,18000000.00,1,1120315,,1120325,,"繼任監察人簽名式。
四、法人捐助章程第2條及第16條條文變更並經主管機關教育部112年3月3日臺教社（三）字第1120018332號函許可變更。",,,,
112法登他000100,1,2,曾瓊安,229,1120314,1120315,1120317,11冊37頁,2,10,陳長文,財團法人台北歐洲學校,0840414,臺北市士林區福國路99號,以協助居住在中華民國境內之外僑子女接受正規教育(包括課外活動教育)，增進中歐文化交流，進而促進中華民國與歐洲國家實質關係之長期發展，辦理台北歐洲學校及其附設幼稚園、托兒所並謀其發展為設立宗旨。,"設校基金共現金新台幣參仟萬元整，其中新台幣壹仟萬元整由香港商太古洋行有限公司（Swire  Pacific  Limited）捐助，新台幣貳仟萬元整由財團法人台北歐洲學校之自有資金提供。本財團法人得繼續接受捐贈。",教育部83.12.27台(83)社字第70082號,永久,30000000.00,1,1120315,,1120325,,"全體董事印鑑式。
六、法人捐助章程第4條條文變更並經主管機關臺北市政府教育局111年9月28日北市教中字第1113016795號函同意備查。",,,,
112法登他000102,1,2,曾瓊安,2157,1120314,1120316,1120317,108冊11頁,2,9,蔡金萬,財團法人中華關帝文教基金會,0860128,新北市汐止區瑞松街206巷16號,以加強文化建設，宏揚道德文化，發揚關公忠孝節義精神為基礎，並推廣三綱五常倫理文化，辦理社會福利慈善事業，建立祥和社會，促進國家利益為目的。,設立基金共新台幣貳佰萬元整，由蔡金萬捐助壹佰伍拾萬元整，蔡金山捐助伍拾萬元整。俟依法完成財團法人登記後得繼續接受捐助。,台北縣政府八十六年一月十三日北府教三字第○一六一七五號函,永久,2000000.00,1,1120316,,1120325,,全體董事印鑑式。,,,,
112法登他000103,2,2,曾瓊安,1533,1120314,1120316,1120317,77冊7頁,2,4,黃裕星,社團法人台灣都市林健康美化協會,1030828,台北市內湖區民權東路6段160號6樓之3,以都市內公有及私有樹木之管理為標的，希望營造都市林的生態環境進而構建有完整水循環、保水的海綿城市發揮都市林的環境效益，配合政府增加綠化之政策，要綠化更要美化，結合學術界、主管機關及開發單位、民間業者、環保愛樹人士之力量，採用科學方法宣導新工法技術與環保觀念，讓一般民眾能從知樹進而愛樹，以達都市公園化的生態城市願景。,入會費、常年會費、事業費、會員捐款、委託收益、基金及孳息、其他收入,內政部中華民國103年2月27日台內團字第1030085069號函,永久,104690.00,1,1120316,,1120325,,"全體理、監事印鑑式。
四、法人章程第17條條文變更並經主管機關內政部112年2月17日台內團字第1120002924號函予以備查。",,,,
112法登他000104,1,2,曾瓊安,724,1120314,1120316,1120320,36冊46頁,2,7,林子淮,財團法人台北市育群牙醫教育基金會,0930220,台北市北投區西安街2段167號陽明牙醫診所,以鼓勵優秀牙醫教學研究人員提昇牙醫教育及醫療品質之水平，加強牙醫學術交流，發展我國整體牙醫教育為宗旨。,捐助,台北市政府教育局92年12月30日　北市教六字第09240441000號函　,永久,5000000.00,1,1120316,,1120328,,全體董事印鑑式。,,,,
112法登他000105,1,2,曾瓊安,1260,1120320,1120320,1120322,63冊14頁,1,3,方東三,台神學校財團法人,1000519,台北市士林區仰德大道2段2巷20號,為傳揚基督福音、培養基督教傳教人才，推動宗教學術研究之目的。,設立基金新臺幣伍仟萬元，由財團法人台灣神學院捐助，嗣後並得繼續接受國內外之個人、法人或團體之捐贈,教育部中華民國99年9月6日台高(四)字第0990137447號函,永久,188562937.00,1,1120320,,1120330,,繼任董事、監察人印鑑式。,,,,
112法登他000107,2,2,曾瓊安,1275,1120315,1120315,1120317,64冊9頁,2,9,賴立彪,社團法人台灣食品發展協會,0970716,台北市大同區南京西路288號4樓之10,一、促進食品發展研究，提昇品質。二、加強食品業者聯誼合作。三、結合食品業者協助政府推廣食品發展。,入會費、常年會費、會員捐款、政府補助、委託收益、基金及其孳息、其他收入,內政部中華民國97年2月22日台內社字第0970031180號函,永久,927645.00,1,1120315,,1120325,,"全體理、監事印鑑式。
法人章程第15條條文變更並經主管機關內政部111年11月30日台內團字第1110054157號函予以備查。",,,,
112法登他000108,2,2,曾瓊安,857,1120316,1120324,1120324,43冊11頁,2,8,黃文英,社團法人台灣電影文化協會,0910218,台北市大同區迪化街1段72巷7號2樓,以促進影像藝術文化交流、整合影像創作資源為宗旨。,入會費、常年會費、事業費、會員捐款、委託收益、基金及其孳息、社會各界捐款、其他收入,內政部中華民國91年1月21日台內社字第0910002711號函,永久,210100.00,1,1120324,,1120406,,全體理、監事印鑑式。,,,,
112法登他000109,1,2,曾瓊安,181,1120316,1120316,1120320,9冊21頁,2,12,謝麗華,財團法人台北市中華基督教劍潭浸信會,0750825,台北市士林區承德路4段12巷71號,本基督耶穌愛人捨己之精神，在台北市內傳揚基督教教義，辦理社會公益慈善事業。,捐助,台北市政府民政局75.7.28北市民三字第33074號函,永久,4605609.00,1,1120316,,1120328,,全體董事簽名暨印鑑式。,,,,
112法登他000110,1,2,曾瓊安,969,1120316,1120316,1120320,49冊3頁,1,4,楊寶秀,財團法人佛教大毘盧遮那禪林基金會,0960813,台北市大同區西寧北路85─1號1樓,本於眾生平等之精神，以傳揚佛教教義，開啟本自具足的智慧，提升思想層次，實踐佛法實修實證，推動禪的優質化生活，淨化社會人心，圓滿世界公民為宗旨。,由楊信奕捐助新台幣參仟萬元整，嗣後得繼續接受捐贈（獻）,內政部中華民國96年7月19日台內民字第0960111746號函,永久,317312309.00,1,1120316,,1120328,,,,,,
112法登他000111,1,2,曾瓊安,624,1120316,1120316,1120320,31冊49頁,2,8,黃富隆,財團法人三芝文化基金會,0910916,新北市三芝區淡金路2段65之1號6樓,為推動三芝地方的文化建設而成立，以凝聚藝術人文工作者與關心文化的社會熱心人士之共同參與力量，發揚固有文化精神，維護自然生態與深化人文資源為宗旨。,由許慧明等人共同捐助，俟完成法人登記後，得繼續接受捐助,台北縣政府文化局中華民國91年8月16日北文行字第0910005043號函,永久,2000000.00,1,1120316,,1120328,,全體董事印鑑式。,,,,
112法登他000112,2,2,曾瓊安,2136,1120317,1120321,1120322,107冊10頁,1,2,黃柏漙,社團法人GOLF學用接軌聯盟,1091026,新北市汐止區新台五路1段100號25樓,以企業自發推動，實現社會責任，協助在學生提前與產業接軌，強化職場即戰力為使命：並以校企資源共享，產學共創雙贏，創造多元產業共享平台，促進跨領域產業知識交流為宗旨。,入會費、常年會費、事業費、會員捐款、委託收益、基金及其孳息、其他收入,內政部中華民國109年9月18日台內團字第1090052933號函,永久,0.00,1,1120321,,1120330,,"繼任監事印鑑式。
三、法人章程第7條條文變更並經主管機關內政部111年10月13日台內團字第1110046382號函予以備查。",,,,
112法登他000113,1,2,曾瓊安,630619,1120320,1120320,1120322,3冊33頁,2,14,李傳洪,財團法人臺北市私立薇閣國民小學,0631221,臺北市北投區育仁路106號,為遵照國家教育政策暨現行教育法令之規定，辦理國民小學，並謀其健全發展之目的，設立財團法人臺北市私立薇閣國民小學。,財產（包括動產、不動產及其他產權）由財團法人私立薇閣育幼院等捐助及收入購置，其總值為新台幣壹億捌千捌佰壹拾肆萬陸仟參佰捌拾元。嗣後並得繼續接受國內外之個人、法人或團體之捐贈。,臺灣省政府教育廳40年10月6日(40)酉魚教四字第40954號,永久,424775175.00,1,1120320,,1120330,,全體董事印鑑式。,,,,
112法登他000114,1,2,曾瓊安,526,1120320,1120320,1120322,26冊35頁,1,11,黃烱榕,財團法人中華基督教浸信會嶺頭山莊福音中心,0891103,台北市士林區仰德大道2段11巷11號,以基督教聖經之原則，宣揚基督福音，提昇信徒靈命，促進教會復興，辦理各項營會及休閒活動，提供場地供團體或個人靈修、教育訓練之用，並辦理社會慈善公益事業等。,由財團法人美南浸信會台北市事務所捐助，嗣後得接受國內外教會、團體、信徒或個人之捐贈（獻）,台北市政府民政局中華民國89年10月24日北市民三字第8923200800號函,永久,355029820.00,1,1120320,,1120328,,繼任董事簽名暨印鑑式。,,,,
112法登他000115,2,2,曾瓊安,873,1120320,1120320,1120322,44冊7頁,2,10,鍾武洲,社團法人中華盆花發展協會,0950602,台北市內湖區新湖三路28號3樓,以促銷教育及市場開拓，花卉資訊的互通與傳遞，市場產銷秩序的穩定，協助會員解決各項問題，增加產銷業者收益，各類盆花產業的發展事宜為宗旨。,入會費、常年會費、事業費、會員捐款、委託收益、基金及其孳息、其他收入,"內政部  中華民國85年1月16日台（85）內社字第8435538號函",永久,293322.00,1,1120320,,1120330,,全體理、監事印鑑式。,,,,
112法登他000116,2,2,曾瓊安,2291,1120323,1120327,1120329,115冊1頁,2,4,徐志忠,社團法人臺灣巴克動物懷善救援協會,1060803,台北市大同區延平北路2段202號18樓,透過各種積極方式，如公眾教育、動物救援、治療、安置或提供動物庇護所等，減少全台灣受虐狗及其他人類以外的受虐動物。,入會費、常年會費、事業費、會員捐款、委託收益、基金及其孳息、其他收入,內政部中華民國105年11月22日台內團字第1050067818號函,永久,731631.00,1,1120327,,1120406,,全體理、監事印鑑式。,,,,
112法登他000117,2,2,曾瓊安,1289,1120323,1120324,1120327,65冊3頁,2,4,陳瓊芳,社團法人中華仁親社區關懷協會,1000920,新北市淡水區自立路8-2號4樓,以發揚社區仁愛互助精神為宗旨。,入會費、常年會費、事業費、會員捐款、委託收益、基金及其孳息、其他收入,內政部中華民國99年7月6日台內社字第0990136262號函,永久,10000.00,1,1120324,,1120406,,全體理、監事印鑑式。,,,,
112法登他000118,1,2,曾瓊安,635,1120323,1120324,1120327,32冊22頁,1,7,陳炳甫,財團法人陳重光文教基金會,0820105,台北市大同區重慶北路3段139號11樓,舉辦或獎助文教公益，推展婦女成長、兒童福利，發展青少年休閒創意活動，並宏揚中華倫理道德，培育文教人才，並提倡民俗藝術為宗旨。,設立基金共新台幣陸仟貳佰萬元整，由陳重光先生及國泰建股份有限公司等共同捐助；俟完成法人登記後，得繼續接受捐助,"台北市政府教育局  81年12月23日北市教四字第66688號函",永久,60000000.00,1,1120324,,1120406,,"董事吳嘉蓁、楊文儀、石美智等3人印鑑變更。
三、繼任董事徐鳳鳴印鑑式及董事吳嘉蓁、楊文儀、石美智等3人變更後印鑑式。",,,,
112法登他000119,1,2,曾瓊安,1516,1120323,1120324,1120327,76冊10頁,2,14,魏憶龍,財團法人台北市樹仁社會福利基金會,0730214,台北市北投區泉源路華南巷16號1樓,辦理社會福利工作為宗旨，輔助身心障礙者發揮潛能自立更生為目的。,基金總額新台幣壹佰萬元整，由創立董事林順春等捐助之；嗣後得由捐助人或接受有關團體或個人之捐贈,臺北市政府社會局中華民國73年1月12日北市社四字第839號函,永久,1000000.00,1,1120324,,1120406,,全體董事印鑑式。,,,,
112法登他000120,1,2,曾瓊安,994,1120324,1120324,1120324,50冊8頁,2,6,陳國瀚,財團法人麻醉醫學研究發展基金會,0970102,台北市北投區裕民四路2巷19號,增進麻醉及相關外科醫學研究、安全、發展及教育為目的。,由張伯明、何忠雄、財團法人嚴慶齡醫學基金會及正隆、宏盛建設、三明工業、國揚實業、全聯實業、國巨建設、大展電線電纜股份有限公司等共同捐助,行政院衛生署中華民國96年12月25日衛署醫字第0960066260號函,永久,10000000.00,1,1120324,,1120406,,全體董事、監察人印鑑式。,,,,
112法登他000121,1,2,曾瓊安,1564,1120324,1120324,1120324,78冊18頁,1,3,蔣次寧,華興學校財團法人,1031210,台北市士林區仰德大道1段101號,以「信、望、愛」為辦學理念，以辦理全人教育，培育國家社會菁英人才為辦學目的。,設立基金由財團法人臺北市私立華興育幼院、蔣宋美齡等捐贈及社會樂捐予華興中學與華興小學，共值新臺幣貳億貳佰參拾壹萬貳仟參佰貳拾伍元整，嗣後並得繼續接受國內外之個人，法人或團體之捐助,臺北市政府中華民國102年12月12日府教中字第10242726000號函,永久,1240802194.00,1,1120324,,1120406,,,,,,
112法登他000122,1,2,曾瓊安,490094,1120325,1120327,1120329,1冊43頁,2,16,翁瑞亨,財團法人台灣基督教道生院,0490204,台北市北投區中和街錫安巷112號,發揚基督博愛精神，舉辦國內外傳教、育英、養老、婦幼等福利慈善公益事業，榮神益人。,設立基金新台幣伍仟貳佰貳拾捌萬肆仟捌佰捌拾玖元整，由李幫助等捐獻,陽明山管理局改制台北市政府民政局49年1月14日。,永久,47204878.00,1,1120327,,1120406,,全體董事簽名暨印鑑式。,,,,
112法登他000123,1,2,曾瓊安,545,1120325,1120327,1120329,27冊43頁,2,8,費克強,財團法人天主教白永恩神父社會福利基金會,0900302,台北市士林區德行東路202號4樓,以辦理社會福利慈善事業為目的。,由財團法人天主教遣使會，捐助新臺幣參仟萬元為設立基金，詳如捐助人名冊及捐助財產清冊。嗣後並得繼續接受國內外自然人、法人、機構或團體之捐贈。,"內政部  中華民國90年2月8日台內中社字第9070257號函",永久,850960423.00,1,1120327,,1120406,,新任董事蒲忠文、柳學文印鑑式。,,,,
112法登他000124,1,3,曾瓊安,1276,1120327,1120327,1120329,64冊10頁,1,11,李文正,李文正即財團法人基督教都市人工作群社會福利事業基金會之清算人,0780215,新北市淡水區沙崙路152巷17弄4號5樓,一本對上帝之信仰及聖經之依歸熱愛自己國家鄉土與同胞的社會意識，參與社會福利之事工，並以愛神愛人為目的。,由陳公亮發起創設暨曾英欽等人，捐助新台幣參仟肆佰壹拾萬零貳仟貳佰貳拾元正為設立基金；嗣後並得繼續接受國內外自然人、法人、機構、或團體之捐贈。,內政部中華民國78年2月1日台78內社字第671120號函,永久,34102220.00,1,1120327,,,李文正,"因基金會缺乏捐助收入來源，經費不足以維持運作，經第11屆第2次董事會議於民國111年11月23日決議解散並選任李文正為清算人，報經主管機關衛生福利部依財團法人法第45條第2項第6款規定，於112年2月1日以衛授家字第1110012658號函許可，並經本院民事庭112年度法字第14號民事裁定准予備查。
清算人姓名及地址：李文正、新北市新莊區中平路270巷12號6樓。
清算人印鑑式。",,,,
112法登他000125,3,2,曾瓊安,2140,1120327,1120327,1120329,107冊14頁,2,3,王婉諭,時代力量,1080715,臺北市大同區承德路1段17號16樓之5,本黨宗旨為「讓台灣成為每個人都享有生而為人的基本尊嚴，能追求夢想與保護幸福，擁有國民的認同感與歸屬感，參與政治、自主決定的台灣」。,黨員黨費、政治獻金及其他依法規定之收入。,內政部中華民國104年2月13日台內民字第1040009550號函,永久,1607477.00,1,1120327,,1120406,,"政黨章程第24條及第25條條文修正並經主管機關內政部112年1月18日台內民字第1120001659號函准予備案。
四、第3屆黨員代表及第4屆決策委員印鑑式。",,,,
112法登他000126,1,2,曾瓊安,570324,1120327,1120327,1120329,2冊43頁,1,16,陳璽安,財團法人臺北市私立稻江高級商業職業學校,0570606,台北市大同區民權西路225巷24號,為遵照國家教育政策暨現行教育法令之規定，辦理職業學校並謀其健全發展之目的，創辦『臺北市私立稻江高級商業職業學校』，進而設立『財團法人臺北市私立稻江高級商業職業學校』。,設立基金新台幣參佰壹拾壹萬陸仟元整，由陳垗花先生等人捐助；嗣後並得繼續接受國內外之個人、法人或團體之捐贈,台北市政府教育局57.8.9北市教雲二字第19997號函,永久,61686847.00,1,1120327,,1120406,,繼任董事印鑑式。,,,,
112法登他000127,1,2,曾瓊安,540241,1120328,1120328,1120329,2冊11頁,1,17,焦婷,幼華學校財團法人,0540422,台北市北投區北投路2段55號,為創辦及提供幼華學校財團法人臺北市幼華高級中等學校所需一切設備、經費及謀其發展。,設立基金新臺幣肆佰壹拾柒萬參仟伍佰零陸元，由臺北市第十信用合作社捐助；嗣後並得繼續接受國內外之個人、法人或團體之捐贈。,台灣省政府教育廳54.3.4教三字第47782號函,永久,1056228493.00,1,1120328,,1120406,,,,,,
112法登他000128,1,2,曾瓊安,953,1120328,1120329,1120329,48冊7頁,1,5,林欣慧,財團法人先知文化藝術基金會,0960606,臺北市北投區稻香路135巷14號2樓,以促進美學教育與文化創意產業發展為目的。,設立基金新台幣伍佰萬元整，由王超群先生捐助；俟完成登記後，得繼續接受捐助。,臺北市政府文化局中華民國96年05月17日北市文化四字第09631498100號函,永久,5000000.00,1,1120329,,1120406,,法人捐助章程第18條及第19條條文變更經主管機關臺北市政府文化局同意及本院111年度法字第81號民事確定裁定准予變更，變更內容詳如捐助章程修正對照表。,,,,
112法登社000002,2,1,曾瓊安,2394,1120106,1120106,1120109,120冊4頁,,,何秉錡,社團法人台灣輪椅人協會,,台北市士林區社子街9之1號1樓,以協助使用輪椅之障礙者重新適應社會、促進其能平等無礙參與社會之機會為宗旨。,入會費、常年會費、事業費、會員捐款、委託收益、基金及其孳息、其他收入,內政部中華民國111年12月22日台內團字第1110062352號函,永久,6000.00,1,1120106,,1120117,,,,,,
112法登社000003,2,1,曾瓊安,2402,1120130,1120209,1120210,120冊12頁,,,陳紫薰,社團法人台灣不朽村電子音樂文化推廣交流協會,1120209,台北市大同區南京西路57號3樓之8,以提升國人電子音樂素質，推廣電子音樂文化與活動等，順應時代潮流並促進與國際電子音樂交流學習為宗旨。,入會費、常年會費、事業費、會員捐款、委託收益、基金及其孳息、其他收入,內政部中華民國112年1月6日台內團字第1110058996號函,永久,50000.00,1,1120209,,,,,,,,
112法登社000004,2,1,曾瓊安,2397,1120130,1120131,1120201,120冊7頁,,,陳杰成,社團法人崇越運動訓練表現發展協會,1120131,台北市內湖區堤頂大道2段483號2樓,以倡導全民運動推廣、推展運動員訓練、推動周邊產業之發展，整合大健康資源及平台，藉以提升國內運動技術水準及實力，振興國內運動風氣為宗旨。,入會費、常年會費、事業費、會員捐款、委託收益、基金及其孳息、其他收入,內政部中華民國112年1月11日台內團字第1110062813號函,永久,0.00,1,1120131,,1120209,,,,,,
112法登社000005,2,1,曾瓊安,2399,1120201,1120208,1120210,120冊9頁,,,林燕雪,社團法人中華民國外傷性腦損傷照顧者關懷協會,1120208,新北市汐止區樟樹二路293巷13號10樓,以提升外傷性腦損傷病患之家庭照顧者的自我意識、自我價值及生活品質，進而促進其身心靈成長與豐富生命力之展現為宗旨。,入會費、常年會費、終身會員會費、事業費、會員捐款、委託收益、基金及其孳息、其他收入,內政部中華民國108年11月22日台內團字第1080068322號函,永久,629956.00,1,1120208,,1120218,,,,,,
112法登社000006,2,1,曾瓊安,2400,1120202,1120208,1120210,120冊10頁,,,周秉榮,社團法人亞太斷食協會,1120208,台北市南港區忠孝東路6段248號2樓,以「結合產業界、政府相關部門及學術界，共同推動間歇性斷食的飲食習慣，改善肥胖，提高生活品質」為宗旨。,入會費、常年會費、事業費、會員捐款、委託收益、基金及其孳息、其他收入,內政部中華民國110年10月5日台內團字第1100048057號函,永久,0.00,1,1120208,,1120218,,,,,,
112法登社000007,2,1,曾瓊安,2407,1120204,1120224,1120301,120冊17頁,,,郭家佑,社團法人台灣數位外交協會,1120224,新北市淡水區民族路31-8號14樓之3,秉持「參與，比給予更重要。」之公民外交精神，促進台灣與世界各國實質文化交流為本會宗旨。,入會費、常年會費、事業費、會員捐款、委託收益、基金及其孳息、其他收入,內政部中華民國107年7月10日台內團字第1070048526號函,永久,0.00,1,1120224,,1120309,,,,,,
112法登社000008,2,1,曾瓊安,2403,1120209,1120210,1120213,120冊13頁,,,徐憓雲,社團法人臺北市環宇蒙特梭利教育協會,,台北市內湖區東湖路113巷50號,以推廣蒙特梭利教育、促進產業研究發展、教學應用，進而培育蒙式專業人才、以提供教育交流及增進專業知能為宗旨。,入會費、常年會費、事業費、會員捐款、委託收益、基金及其孳息、其他收入,臺北市政府社會局中華民國110年5月24日北市社團字第1103074708號函,永久,0.00,1,1120210,,1120221,,,,,,
112法登社000009,2,1,曾瓊安,2405,1120220,1120222,1120224,120冊15頁,,,林雲敏,社團法人台北市主恩典教會協會,1120222,新北市淡水區坪頂路288號11樓,傳揚上帝是獨一的真神；上帝，耶穌和聖靈是三位一體，是慈愛、聖潔公義的救主，傳揚因耶穌基督在十架完工的恩典福音真理，罪得赦免、因信稱義。,入會費、常年會費、會員捐款、委託收益、基金及其孳息、其他收入,臺北市政府社會局中華民國106年8月14日北市社團字第10641726800號函,永久,0.00,1,1120222,,1120306,,,,,,
112法登社000010,2,1,曾瓊安,2409,1120222,1120302,1120303,120冊19頁,,,周漫玲,社團法人台灣幸福長青公益協會,1120302,新北市淡水區中正東路1段135號15樓之1,以關懷長青族，透過辦理健康講座及公益活動，結合民間團體力量，參與帶動造橋鋪路之理念，在社會極需緊急救助之當下，呼籲大眾同心付出做公益，促進長青族之健康與交流互動且提昇生活品質為宗旨。,入會費、常年會費、事業費、會員捐款、委託收益、基金及其孳息、其他收入,內政部中華民國112年2月8日台內團字第1110063474號函,永久,1000.00,1,1120302,,1120313,,,,,,
112法登社000011,2,1,曾瓊安,2406,1120224,1120224,1120301,120冊16頁,,,陳伯昌,社團法人中華民國惜食倉庫協會,1120224,台北市內湖區瑞光路288號8樓,以愛惜食物、減少食物浪費、實踐並推廣，讓食物發揮完全的價值為宗旨。,入會費、常年會費、事業費、會員捐款、委託收益、基金及其孳息、其他收入,內政部中華民國112年2月3日台內團字第1110064299號函,永久,0.00,1,1120224,,1120309,,,,,,
112法登社000012,2,1,曾瓊安,2408,1120302,1120302,1120303,120冊18頁,,,王崇禮,社團法人台灣足踝穿戴裝置協會,1120302,台北市北投區溫泉路65巷16號8樓之1,以提升足踝穿戴裝置，包括傳統鞋、襪、輔具以及與前者結合之電子產品、雲端服務和數據分析等相關領域之基礎研究，並促進產業升級與新創事業之發展為宗旨。,入會費、常年會費、事業費、會員捐款、委託收益、基金及其孳息、其他收入,內政部中華民國111年6月10日台內團字第1110030681號函,永久,0.00,1,1120302,,1120313,,,,,,
112法登社000013,2,1,曾瓊安,2410,1120306,1120306,1120306,120冊20頁,,,李俊泰,社團法人臺灣性別醫學學會,1120306,台北市內湖區民權東路6段161號4樓之4330室,以促進臺灣性別醫學之發展，增進與國際性別醫學學術團體之交流為宗旨。,入會費、常年會費、事業費、會員捐款、委託收益、基金及其孳息、其他收入,內政部中華民國111年11月8日台內團字第1110051762號函,永久,0.00,1,1120306,,1120314,,,,,,
112法登社000014,2,1,曾瓊安,2411,1120314,1120316,1120320,121冊1頁,,,黃千容,社團法人台灣粉紅力量公益協會,1120316,台北市內湖區堤頂大道1段33號3樓,以倡導女性健康、關懷女性為宗旨。,入會費、常年會費、事業費、會員捐款、委託收益、基金及其孳息、其他收入,內政部中華民國112年2月8日台內團字第1110063784號函,永久,0.00,1,1120316,,1120328,,,,,,
112法登社000015,2,1,曾瓊安,2413,1120324,1120327,1120329,121冊3頁,,,陳美蘭,社團法人世界自然道場協會,1120327,新北市汐止區汐萬路2段122巷26號1樓,以改善社會心靈環保為目的，有鑒於現今動盪不安的環境影響社會大眾之身心，以致於加在身心靈之束縛終日揮之不去，間接影響個人、家庭、社會及國家。本會致力於集合有志人士，共同發揮心力，共同改善社會心靈環保為宗旨。,入會費、常年會費、事業費、會員捐款、委託收益、基金及其孳息、其他收入,內政部中華民國112年3月14日台內團字第1120008277號函,永久,1000.00,1,1120327,,1120406,,,,,,
112法登政000001,3,1,曾瓊安,2395,1120117,1120117,1120118,120冊5頁,,,郭璽,台灣麻將最大黨,1120117,台北市南港區忠孝東路7段510號,以積極推動屬於我們的文化資產、維護、發揚純正麻將活動為首要任務，增進民眾休閒情趣，提高生活品質達到倡導正當娛樂，以發展銀髮族智能運動，實現減輕政府長照財政負擔及民主理想國為宗旨。,一、依法收受之政治獻金。二、政黨補助金。三、政黨為宣揚理念或從事活動宣導所為之出版品、宣傳品銷售或其權利授與，讓與所得之收入。四、其他依政黨法規定所得之收入。五、由前四款經費及收入所生之孳息。,內政部中華民國111年12月20日台內民字第11102243231號函,永久,0.00,1,1120117,,1120130,,,,,,
112法登財000001,1,1,曾瓊安,2412,1120325,1120327,1120329,121冊2頁,,,王慶棟,財團法人玉鼎全球癌症研究基金會,1120327,臺北市南港區重陽路479號11樓,以從事公益性衛生事務為目的。,由追日潤股份有限公司捐助新臺幣參仟萬元為設立基金，嗣後並得繼續接受國內外自然人、法人、機構或團體之捐贈。,衛生福利部中華民國112年3月8日衛部醫字第1121661700號函,永久,30000000.00,1,1120327,,1120406,,,,,,
