登記案號,序號,職稱,姓名
108法登他000001,1,理事長,郭德隆
108法登他000001,2,副理事長,陳啓文
108法登他000001,3,常務理事,黃文亮
108法登他000001,4,理　事,葉光華
108法登他000001,5,理　事,謝育成
108法登他000001,6,理　事,黃寬裕
108法登他000001,7,理　事,楊萬來
108法登他000001,8,理　事,郭榮隆
108法登他000001,9,理　事,郭烽文
108法登他000001,10,常務監事,王石欽
108法登他000001,11,監　事,陳福田
108法登他000001,12,監　事,鄭鴻濱
108法登他000002,1,常務董事,黃兒玉
108法登他000002,2,董事長,陳淑宜
108法登他000002,3,董　事,黃新梅
108法登他000002,4,董　事,吳雅蕙
108法登他000002,5,董　事,柯淑琴
108法登他000002,6,常務監事,陳瑞蘭
108法登他000003,1,常務監事,李文章
108法登他000003,2,理事長,黃錦瑞
108法登他000003,3,常務理事,林賢正
108法登他000003,4,理　事,黃安銘
108法登他000003,5,理　事,張國鴻
108法登他000003,6,監　事,湯裕明
108法登他000003,7,理　事,蘇宏揚
108法登他000003,8,理　事,邱仁傑
108法登他000003,9,常務理事,葉萬昌
108法登他000003,10,監　事,曾榮一
108法登他000003,12,理　事,潘正兆
108法登他000003,16,理　事,黃駿翔
108法登他000004,1,理　事,黃明鍾
108法登他000004,2,常務理事,林輝靈
108法登他000004,3,理　事,李明記
108法登他000004,4,理　事,蔡妙蘭
108法登他000004,5,常務理事,方秀菊
108法登他000004,6,理　事,鄧曾美惠
108法登他000004,7,理　事,魏玲芳
108法登他000004,8,理　事,盧湖德
108法登他000004,9,理事長,鄭志昌
108法登他000004,10,監　事,謝雪玲
108法登他000004,11,監　事,余恩賜
108法登他000004,12,常務監事,黃麗鴦
108法登他000006,1,理事長,鄭尤莉
108法登他000006,2,理　事,高清春
108法登他000006,3,常務理事,張暉
108法登他000006,4,監　事,吳綠靜
108法登他000006,5,理　事,陳美玲
108法登他000006,6,理　事,吳玉玲
108法登他000006,7,理　事,黎碧玉
108法登他000006,8,理　事,阮氏寶燕
108法登他000006,9,理　事,阮鈺婷
108法登他000006,10,常務監事,林彩雲
108法登他000006,11,常務理事,張美麗
108法登他000006,12,監　事,丁氏豪
108法登他000007,1,理事長,藍明和
108法登他000007,2,常務理事,李戴悅治
108法登他000007,3,常務理事,柯慶宗
108法登他000007,4,理　事,陳戴月英
108法登他000007,5,理　事,賴妙真
108法登他000007,6,理　事,林裕雄
108法登他000007,7,理　事,沈瑞珠
108法登他000007,8,理　事,錢尊衡
108法登他000007,9,理　事,葉瑞昌
108法登他000007,10,理　事,林芳立
108法登他000007,11,理　事,葉胡秀戀
108法登他000007,12,理　事,游曜毓
108法登他000007,13,理　事,柯明郎
108法登他000007,14,理　事,朱宗三
108法登他000007,15,理　事,李宥禛
108法登他000007,16,理　事,方美香
108法登他000007,17,理　事,李素滿
108法登他000007,18,常務監事,周李雄
108法登他000007,19,監　事,李瑞圓
108法登他000007,20,監　事,張仲仁
108法登他000007,21,監　事,楊宗男
108法登他000007,22,監　事,柯進福
108法登他000008,1,董　事,林中光
108法登他000008,2,董　事,葉瑞安
108法登他000008,3,董　事,范瑾榕
108法登他000008,4,董事長,彭來玉
108法登他000008,5,董　事,彭漢國
108法登他000008,6,常務監事,徐進榮
108法登他000008,7,監　事,彭婉鈞
108法登他000008,8,監　事,許哲誠
108法登他000009,1,理事長,吳憶玲
108法登他000009,1,理事長,吳憶玲
108法登他000009,1,理事長,吳憶玲
108法登他000009,1,理事長,吳憶玲
108法登他000009,2,理　事,黃雲
108法登他000009,2,理　事,黃雲
108法登他000009,2,理　事,黃雲
108法登他000009,2,理　事,黃雲
108法登他000009,3,常務理事,周忠義
108法登他000009,3,常務理事,周忠義
108法登他000009,3,常務理事,周忠義
108法登他000009,3,常務理事,周忠義
108法登他000009,4,理　事,陳秀慧
108法登他000009,4,理　事,陳秀慧
108法登他000009,4,理　事,陳秀慧
108法登他000009,4,理　事,陳秀慧
108法登他000009,5,理　事,謝素娟
108法登他000009,5,理　事,謝素娟
108法登他000009,5,理　事,謝素娟
108法登他000009,5,理　事,謝素娟
108法登他000009,6,理　事,徐雲基
108法登他000009,6,理　事,徐雲基
108法登他000009,6,理　事,徐雲基
108法登他000009,6,理　事,徐雲基
108法登他000009,7,理　事,陳鳳珠
108法登他000009,7,理　事,陳鳳珠
108法登他000009,7,理　事,陳鳳珠
108法登他000009,7,理　事,陳鳳珠
108法登他000009,8,常務理事,李文塗
108法登他000009,8,常務理事,李文塗
108法登他000009,8,常務理事,李文塗
108法登他000009,8,常務理事,李文塗
108法登他000009,9,理　事,李茵淇
108法登他000009,9,理　事,李茵淇
108法登他000009,9,理　事,李茵淇
108法登他000009,9,理　事,李茵淇
108法登他000009,10,監　事,萬榮星
108法登他000009,10,監　事,萬榮星
108法登他000009,10,監　事,萬榮星
108法登他000009,10,監　事,萬榮星
108法登他000009,11,常務監事,周仕賢
108法登他000009,11,常務監事,周仕賢
108法登他000009,11,常務監事,周仕賢
108法登他000009,11,常務監事,周仕賢
108法登他000009,12,監　事,詹益年
108法登他000009,12,監　事,詹益年
108法登他000009,12,監　事,詹益年
108法登他000009,12,監　事,詹益年
108法登他000010,1,理事長,陳淑娟
108法登他000010,1,理事長,陳淑娟
108法登他000010,1,理事長,陳淑娟
108法登他000010,1,理事長,陳淑娟
108法登他000010,2,常務理事,郭進興
108法登他000010,2,常務理事,郭進興
108法登他000010,2,常務理事,郭進興
108法登他000010,2,常務理事,郭進興
108法登他000010,3,常務理事,黃怡蓓
108法登他000010,3,常務理事,黃怡蓓
108法登他000010,3,常務理事,黃怡蓓
108法登他000010,3,常務理事,黃怡蓓
108法登他000010,4,理　事,張惠晴
108法登他000010,4,理　事,張惠晴
108法登他000010,4,理　事,張惠晴
108法登他000010,4,理　事,張惠晴
108法登他000010,5,理　事,何淑娟
108法登他000010,5,理　事,何淑娟
108法登他000010,5,理　事,何淑娟
108法登他000010,5,理　事,何淑娟
108法登他000010,6,理　事,陳雅萍
108法登他000010,6,理　事,陳雅萍
108法登他000010,6,理　事,陳雅萍
108法登他000010,6,理　事,陳雅萍
108法登他000010,7,理　事,蔡政洋
108法登他000010,7,理　事,蔡政洋
108法登他000010,7,理　事,蔡政洋
108法登他000010,7,理　事,蔡政洋
108法登他000010,8,理　事,許純瑜
108法登他000010,8,理　事,許純瑜
108法登他000010,8,理　事,許純瑜
108法登他000010,8,理　事,許純瑜
108法登他000010,9,理　事,王宏孝
108法登他000010,9,理　事,王宏孝
108法登他000010,9,理　事,王宏孝
108法登他000010,9,理　事,王宏孝
108法登他000010,10,常務監事,廖小瑩
108法登他000010,10,常務監事,廖小瑩
108法登他000010,10,常務監事,廖小瑩
108法登他000010,10,常務監事,廖小瑩
108法登他000010,11,監　事,鄭辰緯
108法登他000010,11,監　事,鄭辰緯
108法登他000010,11,監　事,鄭辰緯
108法登他000010,11,監　事,鄭辰緯
108法登他000010,12,監　事,蘇郁婷
108法登他000010,12,監　事,蘇郁婷
108法登他000010,12,監　事,蘇郁婷
108法登他000010,12,監　事,蘇郁婷
108法登他000011,2,董事長,邱建民
108法登他000011,3,董　事,王垂坤
108法登他000011,4,副董事長,程俊堅
108法登他000011,5,董　事,陳六生
108法登他000011,6,董　事,洪文昌
108法登他000011,7,董　事,傅和田
108法登他000011,8,董　事,張鉦雧
108法登他000011,9,董　事,陳文水
108法登他000011,10,董　事,李順安
108法登他000011,11,董　事,李元俊
108法登他000011,12,董　事,黃清龍
108法登他000011,13,董　事,李家豪
108法登他000011,14,董　事,王秋桂
108法登他000011,15,董　事,陳漢忠
108法登他000011,16,董　事,郭勝宗
108法登他000011,17,董　事,張明智
108法登他000011,18,董　事,葉淑蕙
108法登他000011,19,董　事,曾淑華
108法登他000011,20,董　事,李國綱
108法登他000011,21,董　事,葉育光
108法登他000011,22,董　事,黃瑞秋
108法登他000012,2,董　事,林佳和
108法登他000012,3,董　事,吳光明
108法登他000012,6,董　事,劉顯達
108法登他000012,7,董事長,陳政元
108法登他000012,9,董　事,黃惠芝
108法登他000012,11,董　事,陳政亮
108法登他000012,13,董　事,王浩
108法登他000012,14,董　事,王偉權
108法登他000012,15,董　事,劉邦繡
108法登他000012,16,監察人,吳慧如
108法登他000013,1,常務董事,郭賓宏
108法登他000013,2,"董  事",郭勝成
108法登他000013,3,"董  事",郭勝鑾
108法登他000013,4,董事長,郭勝得
108法登他000013,5,常務董事,郭兆標
108法登他000013,6,"董  事",郭聖山
108法登他000013,7,常務董事,郭豐貴
108法登他000013,8,常務董事,郭豐年
108法登他000013,9,"董  事",郭勝賢
108法登他000013,10,"董  事",郭兆房
108法登他000013,11,"董  事",郭豐釧
108法登他000013,12,"董  事",郭國強
108法登他000013,13,"董  事",郭豐琦
108法登他000013,14,"董  事",郭豐釗
108法登他000013,15,"董  事",郭豐永
108法登他000014,1,董　事,吳舟蓉
108法登他000014,2,董事長,王育文
108法登他000014,3,董　事,王怡心
108法登他000014,4,監察人,王朝榮
108法登他000014,5,董　事,林麗紋
108法登他000014,6,董　事,范道鎔
108法登他000014,7,董　事,王育豐
108法登他000014,8,董　事,劉美玲
108法登他000014,10,董　事,游陳鳳嬌
108法登他000014,11,董　事,廖淑卿
108法登他000014,12,董　事,張雪智
108法登他000014,13,董　事,王育華
108法登他000015,1,董　事,吳舟蓉
108法登他000015,2,董事長,王育文
108法登他000015,3,董　事,王怡心
108法登他000015,4,監察人,王朝榮
108法登他000015,5,董　事,林麗紋
108法登他000015,6,董　事,范道鎔
108法登他000015,7,董　事,王育豐
108法登他000015,8,董　事,劉美玲
108法登他000015,10,董　事,游陳鳳嬌
108法登他000015,11,董　事,廖淑卿
108法登他000015,12,董　事,張雪智
108法登他000015,13,董　事,王育華
108法登他000016,1,董　事,洪玉明
108法登他000016,2,董　事,林燦明
108法登他000016,3,董　事,鍾任琴
108法登他000016,4,董　事,李榮旺
108法登他000016,5,董　事,曾志弘
108法登他000016,6,董　事,朱秋龍
108法登他000016,7,董事長,邱文煥
108法登他000016,8,董　事,林定吉
108法登他000016,9,董　事,陳信宏
108法登他000016,10,董　事,張輝雄
108法登他000016,11,董　事,王銘國
108法登他000016,12,董　事,李金恭
108法登他000016,13,董　事,何基兆
108法登他000016,14,董　事,謝廣源
108法登他000016,15,董　事,何川澤
108法登他000016,16,監察人,顏清紋
108法登他000017,1,董事長,林壯烈
108法登他000017,2,董　事,陳孟江
108法登他000017,3,董　事,施伯勲
108法登他000017,4,董　事,彭文威
108法登他000017,5,董　事,陳心啟
108法登他000018,1,董事長,侯王怡文
108法登他000018,2,董　事,侯傑騰
108法登他000018,3,董　事,劉柏村
108法登他000018,4,董　事,廖淑頊
108法登他000018,5,董　事,黃炳樺
108法登他000018,6,董　事,林祺爕
108法登他000018,7,董　事,古寬仁
108法登他000019,1,董事長,賴誌祥
108法登他000019,2,董　事,蔡熊山
108法登他000019,3,董　事,王榮昌
108法登他000019,4,董　事,魏照金
108法登他000019,5,董　事,柯錦祥
108法登他000019,6,董　事,温林秀琴
108法登他000019,7,董　事,林文廣
108法登他000020,1,董事長,丁冠介
108法登他000020,2,董　事,李文發
108法登他000020,3,董　事,林柏民
108法登他000020,4,董　事,林俞均
108法登他000020,5,董　事,丁敬哲
108法登他000020,6,董　事,丁崇鄴
108法登他000020,7,董　事,張敏慧
108法登他000020,8,董　事,陳建宏
108法登他000020,9,董　事,林首吉
108法登他000020,10,監察人,侯美州
108法登他000021,1,董　事,温明德
108法登他000021,2,董　事,劉宥興
108法登他000021,3,常務監事,蘇秋郎
108法登他000021,5,"董 事 長",吳秋榮
108法登他000021,6,董　事,李政毅
108法登他000021,7,常務董事,曾武雄
108法登他000021,8,董　事,羅添妹
108法登他000021,9,董　事,張維方
108法登他000021,10,常務董事,李逢朝
108法登他000021,11,監　事,徐秀嬌
108法登他000021,12,董　事,陳乾芳
108法登他000021,13,監　事,魏秋梅
108法登他000022,1,理　事,李雪娥
108法登他000022,2,常務監事,林季籸
108法登他000022,3,理　事,羅鳳英
108法登他000022,4,理　事,邱基春
108法登他000022,5,監　事,陳溪海
108法登他000022,6,常務理事,沈國雄
108法登他000022,7,常務理事,謝三美
108法登他000022,8,理事長,李保護
108法登他000022,9,理　事,潘秀杏
108法登他000022,10,監　事,李伶娟
108法登他000022,11,理　事,施和興
108法登他000022,12,理　事,陳溪源
108法登他000023,1,副總會長,劉憲同
108法登他000023,2,副總會長,劉富明
108法登他000023,3,副總會長,劉金發
108法登他000023,4,總會長,劉志清
108法登他000023,5,常務監事,劉安邦
108法登他000023,6,理　事,劉貴春
108法登他000023,7,常務理事,劉興隆
108法登他000023,8,理　事,劉奕棋
108法登他000023,9,理　事,劉志忠
108法登他000023,10,理　事,劉鳳蘭
108法登他000023,11,常務理事,劉珈愷
108法登他000023,12,理　事,劉世祿
108法登他000023,13,理　事,劉信宏
108法登他000023,14,常務理事,劉錦廷
108法登他000023,15,常務理事,劉鴻陞
108法登他000023,16,理　事,劉義通
108法登他000023,17,理　事,劉有駿
108法登他000023,18,理　事,劉純芳
108法登他000023,19,理　事,劉秋生
108法登他000023,20,監　事,劉昌米
108法登他000023,21,常務理事,劉文禎
108法登他000023,22,理　事,劉邦源
108法登他000023,23,常務理事,劉水銀
108法登他000023,24,理　事,劉家順
108法登他000023,25,理　事,劉德壽
108法登他000023,26,理　事,劉守欽
108法登他000023,27,理　事,劉華柱
108法登他000023,28,理　事,劉俊介
108法登他000023,29,理　事,劉士賢
108法登他000023,30,理　事,劉基慶
108法登他000023,31,常務理事,劉新全
108法登他000023,32,理　事,劉金福
108法登他000023,33,理　事,劉邦民
108法登他000023,34,理　事,劉原任
108法登他000023,35,常務監事,劉邦輝
108法登他000023,36,理　事,劉文松
108法登他000023,37,理　事,劉守隆
108法登他000023,38,監　事,劉正彬
108法登他000023,39,監　事,劉少峯
108法登他000023,40,監　事,劉嘉培
108法登他000023,41,理　事,劉營霖
108法登他000023,42,監　事,劉汝明
108法登他000023,43,常務監事,劉金明
108法登他000023,44,監　事,劉錦珍
108法登他000023,45,監　事,劉世宗
108法登他000023,46,監　事,劉信昇
108法登他000024,1,常務理事,連靜娟
108法登他000024,2,常務監事,柯葉宜
108法登他000024,3,理事長,梁淑美
108法登他000024,4,監　事,黃義隆
108法登他000024,5,理　事,劉秋雲
108法登他000024,6,理　事,張雪娥
108法登他000024,7,理　事,黃千容
108法登他000024,8,常務理事,賴嘉玲
108法登他000024,9,理　事,陳惠君
108法登他000024,10,理　事,陳其停
108法登他000024,11,監　事,鄭玉玲
108法登他000024,12,理　事,羅文琦
108法登他000025,1,董事長,黃瑞雲
108法登他000025,2,董　事,陳鵬后
108法登他000025,3,董　事,鄧靈德
108法登他000025,4,董　事,麥素嫻
108法登他000025,5,董　事,羅淑琴
108法登他000026,1,理　事,邱國忠
108法登他000026,2,理事長,張志豪
108法登他000026,3,常務理事,胡小鳳
108法登他000026,4,理　事,何五妹
108法登他000026,5,理　事,朱傳進
108法登他000026,6,理　事,黃子財
108法登他000026,7,常務理事,莊芬美
108法登他000026,8,監　事,黃林秋桂
108法登他000026,9,理　事,許完
108法登他000026,10,理　事,羅邱梅蘭
108法登他000026,11,監　事,吳瑞騰
108法登他000026,12,常務監事,陳邱菊蘭
108法登他000027,1,董事長,牛夢霞
108法登他000027,2,"董　  事",傅毓華
108法登他000027,3,常務董事,樊順知
108法登他000027,4,常務董事,牛廣懿
108法登他000027,5,董　事,鍾國雲
108法登他000027,6,董　事,陳嘉婕
108法登他000027,7,董　事,盧俐君
108法登他000028,1,理　事,許宏誠
108法登他000028,2,理　事,林可芯
108法登他000028,3,常務理事,謝其良
108法登他000028,4,理　事,王天平
108法登他000028,5,理　事,吳兆凱
108法登他000028,6,理　事,江海源
108法登他000028,7,理　事,吳思君
108法登他000028,8,理　事,陳建源
108法登他000028,9,常務理事,劉美雲
108法登他000028,10,常務理事,何中文
108法登他000028,11,理事長,張淑玲
108法登他000028,12,副理事長,"陳   祁"
108法登他000028,13,監　事,蔡瑞鳳
108法登他000028,14,理　事,唐傳青
108法登他000028,15,監　事,傅雁玲
108法登他000028,16,理　事,孫詠聖
108法登他000028,17,理　事,劉裕祥
108法登他000028,18,常務監事,彭麗珠
108法登他000028,19,監　事,郭宜宜
108法登他000028,20,監　事,鄭逸真
108法登他000029,1,理　事,湯雙源
108法登他000029,2,理　事,周秋華
108法登他000029,3,理　事,林清池
108法登他000029,4,常務理事,余增國
108法登他000029,5,理　事,吳福連
108法登他000029,6,常務理事,黃明輝
108法登他000029,7,監　事,張明賢
108法登他000029,8,理　事,邱正光
108法登他000029,9,理　事,江錦盛
108法登他000029,10,監　事,余國強
108法登他000029,11,常務監事,林賢坤
108法登他000029,12,理事長,羅彬豪
108法登他000029,13,監　事,羅濟浩
108法登他000029,14,理　事,龔政年
108法登他000029,15,理　事,吳家福
108法登他000029,16,常務理事,王國鴻
108法登他000029,17,監　事,洪條民
108法登他000029,18,理　事,江嘉斌
108法登他000029,19,理　事,林金池
108法登他000029,20,常務理事,張秀枝
108法登他000030,2,董事長,王志榮
108法登他000030,4,董　事,王信中
108法登他000030,5,董　事,曾昭敏
108法登他000030,6,董　事,蔡秋水
108法登他000030,7,董　事,林金緞
108法登他000030,8,董　事,吳正賢
108法登他000030,9,董　事,蔡秋玉
108法登他000031,1,董事長,林佾廷
108法登他000031,2,常務董事,程大同
108法登他000031,3,監察人,巫文枝
108法登他000031,4,董　事,王丹江
108法登他000031,5,"監 察 人",陳天桂
108法登他000031,6,董　事,鍾智文
108法登他000031,7,"董  　事",林賴明秋
108法登他000031,8,董　事,雷永耀
108法登他000031,9,常務董事,林修禾
108法登他000031,10,董　事,王鵬智
108法登他000031,11,"監 察 人",林文偉
108法登他000031,12,"董  　事",黃東波
108法登他000032,1,董事長,鄭佩香
108法登他000032,2,"董  事",周惠萍
108法登他000032,3,"董  事",高英媛
108法登他000032,4,"董  事",謝廣源
108法登他000032,5,"董  事",唐俐
108法登他000032,6,"董  事",車文華
108法登他000032,7,"董  事",陳美娟
108法登他000033,1,常務監事,江萬祥
108法登他000033,2,常務董事,朱舜然
108法登他000033,3,常務董事,連坤誌
108法登他000033,4,董　事,連乾輝
108法登他000033,5,董　事,蕭天來
108法登他000033,6,董　事,簡玉芬
108法登他000033,7,董　事,"林瑪  (釋襄慧)"
108法登他000033,8,監　事,劉池蘭香
108法登他000033,9,董　事,張德俊
108法登他000033,10,監　事,何建良
108法登他000033,11,董　事,潘文浪
108法登他000033,12,董事長,邱仁浪
108法登他000034,1,董事長,張光宇
108法登他000034,3,董　事,賴光輝
108法登他000034,4,董　事,余海禮
108法登他000034,6,監察人,徐志強
108法登他000034,7,董　事,盧至堅
108法登他000034,8,董　事,鄭皓
108法登他000034,10,董　事,林祥榮
108法登他000034,11,董　事,朱鈞
108法登他000034,13,董　事,陳振偉
108法登他000034,14,董　事,謝明諺
108法登他000034,15,董　事,吳俞萱
108法登他000034,16,董　事,蔡易軒
108法登他000035,1,理事長,何紹禎
108法登他000035,2,理　事,楊創宏
108法登他000035,3,理　事,楊春蘭
108法登他000035,4,理　事,楊文輝
108法登他000035,5,理　事,劉瑋旂
108法登他000035,6,常務理事,林萬松
108法登他000035,7,理　事,謝運財
108法登他000035,8,常務理事,古瑞華
108法登他000035,9,理　事,陳國恭
108法登他000035,10,常務監事,謝其仁
108法登他000035,11,監　事,吳文馨
108法登他000035,12,監　事,江榮進
108法登他000036,1,董事長,侯王怡文
108法登他000036,2,董　事,侯傑騰
108法登他000036,3,董　事,劉柏村
108法登他000036,4,董　事,廖淑頊
108法登他000036,5,董　事,黃炳樺
108法登他000036,6,董　事,林祺爕
108法登他000036,7,董　事,古寬仁
108法登他000037,1,常務理事,邱建興
108法登他000037,2,常務理事,邱榮英
108法登他000037,3,理　事,邱明嘉
108法登他000037,4,理事長,邱榮寶
108法登他000037,5,理　事,邱鏡輝
108法登他000037,6,理　事,邱暄棠
108法登他000037,7,理　事,邱萬英
108法登他000037,8,理　事,邱建春
108法登他000037,9,理　事,邱信傑
108法登他000037,10,常務監事,邱詳崴
108法登他000037,11,監　事,邱力夫
108法登他000037,12,監　事,邱建枝
108法登他000038,1,董事長,王志榮
108法登他000038,2,董　事,林世芳
108法登他000038,3,董　事,劉科成
108法登他000038,4,董　事,吳正賢
108法登他000038,5,董　事,王信中
108法登他000038,6,董　事,蔡秋玉
108法登他000038,7,董　事,林世泓
108法登他000039,1,理事長,楊錫麒
108法登他000039,2,常務理事,周世璋
108法登他000039,3,常務理事,蘇陽德
108法登他000039,4,常務理事,葉正興
108法登他000039,5,常務理事,宋文沛
108法登他000039,6,理　事,吳韻吾
108法登他000039,7,理　事,陳博亮
108法登他000039,8,理　事,蔡宗儐
108法登他000039,9,理　事,陳若華
108法登他000039,10,理　事,曾亮
108法登他000039,11,理　事,廖國裕
108法登他000039,12,理　事,高文宗
108法登他000039,13,理　事,郭德宗
108法登他000039,14,理　事,林祐正
108法登他000039,15,理　事,張奇偉
108法登他000039,16,常務監事,鄭苗英
108法登他000039,17,監　事,吳宗錤
108法登他000039,18,監　事,黃奇生
108法登他000039,19,監　事,吳玫芳
108法登他000039,20,監　事,詹添全
108法登他000040,1,董　事,謝其水
108法登他000040,2,董　事,謝震東
108法登他000040,3,常務董事,謝國章
108法登他000040,4,董　事,謝文雄
108法登他000040,5,董　事,謝金城
108法登他000040,6,常務監事,謝學海
108法登他000040,7,董事長,謝欽源
108法登他000040,8,董　事,謝欽爐
108法登他000040,9,董　事,謝源瀏
108法登他000040,10,董　事,謝達源
108法登他000040,11,董　事,謝學文
108法登他000040,12,常務董事,謝逸雄
108法登他000040,13,董　事,謝國禮
108法登他000040,14,董　事,謝其寶
108法登他000040,15,常務董事,謝福勝
108法登他000040,16,常務董事,謝海坤
108法登他000040,17,監　事,謝木財
108法登他000040,18,監　事,謝禎焄
108法登他000041,1,常務理事,徐文妙
108法登他000041,2,理事長,劉源順
108法登他000041,3,理　事,楊祐羽
108法登他000041,4,常務理事,巫雲康
108法登他000041,5,理　事,林錦垣
108法登他000041,6,監　事,黃淑秀
108法登他000041,7,理　事,洪美華
108法登他000041,8,理　事,林文彬
108法登他000041,9,理　事,郭秀英
108法登他000041,10,監　事,廖賴碧霞
108法登他000041,11,常務監事,劉淑薇
108法登他000041,12,理　事,巫貴花
108法登他000042,1,董事長,石橋頂道
108法登他000042,2,董　事,濱崎良覺
108法登他000042,3,董　事,許童榮
108法登他000042,4,董　事,林德晃
108法登他000042,5,董　事,江如蓉
108法登他000042,6,監察人,秋元泰雄
108法登他000043,1,理事長,鍾福貴
108法登他000043,2,常務理事,鍾曉慧
108法登他000043,3,理　事,黃廷順
108法登他000043,4,監　事,羅貴枝
108法登他000043,5,常務理事,陳錫議
108法登他000043,6,理　事,張錦盛
108法登他000043,7,理　事,張瓊昌
108法登他000043,8,理　事,鍾福祥
108法登他000043,9,理　事,廖藝芳
108法登他000043,10,常務監事,李鳳巧
108法登他000043,11,理　事,鍾興科
108法登他000043,12,監　事,陳綢
108法登他000044,1,董事長,劉錦志
108法登他000044,2,董　事,黃永虔
108法登他000044,5,董　事,葉雲城
108法登他000044,6,董　事,羅佳烘
108法登他000044,7,監察人,徐文禮
108法登他000044,9,董　事,劉源順
108法登他000044,10,董　事,陳宏鑫
108法登他000044,11,董　事,黃鴻鈞
108法登他000044,12,董　事,許良明
108法登他000044,14,董　事,張智宏
108法登他000044,15,董　事,徐輝球
108法登他000044,16,董　事,劉富明
108法登他000044,17,董　事,黃吉盛
108法登他000044,18,董　事,劉冠吾
108法登他000044,19,董　事,江明修
108法登他000044,20,董　事,張晃崇
108法登他000045,1,董事長,黃錦源
108法登他000045,2,常務監事,黃鼎松
108法登他000045,3,董　事,鄭盛宏
108法登他000045,4,董　事,黃添富
108法登他000045,5,董　事,楊松根
108法登他000045,6,監　事,曾瑞昌
108法登他000045,7,董　事,古志賢
108法登他000045,8,監　事,黃舜嵐
108法登他000046,1,理事長,江秀蘭
108法登他000046,2,常務理事,楊波輝
108法登他000046,3,常務理事,楊文傑
108法登他000046,4,理　事,倪寶珠
108法登他000046,5,理　事,廖春花
108法登他000046,6,理　事,楊文彬
108法登他000046,7,理　事,葉祖賢
108法登他000046,8,理　事,謝金雄
108法登他000046,9,理　事,胡金明
108法登他000046,10,監　事,達陸‧希霸
108法登他000046,11,監　事,吳美珍
108法登他000046,12,常務監事,林明文
108法登他000047,1,董　事,饒邦安
108法登他000047,2,董事長,鍾佳穎
108法登他000047,3,董　事,朱曦
108法登他000047,4,董　事,張春雄
108法登他000047,6,董　事,董國樑
108法登他000047,7,董　事,林修禾
108法登他000047,8,董　事,何依倫
108法登他000047,9,董　事,吳容明
108法登他000047,10,董　事,趙莊敏
108法登他000047,11,監察人,劉順寬
108法登他000047,12,監察人,康勝松
108法登他000047,13,董　事,藍文謙
108法登他000047,14,董　事,簡宏平
108法登他000048,1,董事長,周賢穎
108法登他000048,2,董　事,林昌錡
108法登他000048,3,董　事,陳伯綸
108法登他000048,4,董　事,梁美榮
108法登他000048,5,董　事,卓翊安
108法登他000048,6,監察人,陳俊達
108法登他000049,1,常務董事,吳俊億
108法登他000049,2,常務董事,釋湛山
108法登他000049,3,董事長,黃榮享
108法登他000049,4,常務董事,李朝期
108法登他000049,5,常務董事,陳嘉豪
108法登他000049,6,"董  事",林家禾
108法登他000049,7,"董  事",李茂桐
108法登他000049,8,"董  事",邱至宣
108法登他000049,9,"董  事",徐晟瑋
108法登他000049,10,監察人,楊紅蓮
108法登他000049,11,監察人,鄭麗秋
108法登他000049,12,監察人,胡秋菊
108法登他000050,1,董　事,陳靖邦
108法登他000050,2,董　事,林顯壁
108法登他000050,3,董　事,徐毓斐
108法登他000050,4,董　事,徐鉉雅
108法登他000050,5,董　事,紀有財
108法登他000050,6,董　事,彭燕賀
108法登他000050,7,董事長,連旭平
108法登他000050,8,董　事,吳欣菁
108法登他000050,9,董　事,王榮村
108法登他000050,10,監察人,吳蓉華
108法登他000052,2,董事長,王志榮
108法登他000052,4,董　事,王信中
108法登他000052,5,董　事,曾昭敏
108法登他000052,6,董　事,蔡秋水
108法登他000052,7,董　事,林金緞
108法登他000052,8,董　事,吳正賢
108法登他000052,9,董　事,蔡秋玉
108法登他000053,1,"董 事 長",潘朝棟
108法登他000053,2,董　事,吳詠禎
108法登他000053,3,董　事,彭宏源
108法登他000053,4,董　事,彭貴亮
108法登他000053,5,監察人,徐傳耀
108法登他000053,6,董　事,張永水
108法登他000053,7,董　事,李安雄
108法登他000053,8,董　事,傅榮鈞
108法登他000054,1,董　事,林易慶
108法登他000054,2,董　事,黃弘志
108法登他000054,3,董　事,顏鮮群
108法登他000054,4,董　事,林煌池
108法登他000054,5,董　事,林修嫺
108法登他000054,6,董事長,張月媈
108法登他000054,7,董　事,王惠青
108法登他000054,8,董　事,張憲平
108法登他000054,9,董　事,翁水波
108法登他000054,10,董　事,林智博
108法登他000054,11,董　事,胡木榮
108法登他000054,12,董　事,林梅嬌
108法登他000054,13,董　事,葉正旭
108法登他000054,14,董　事,林金茂
108法登他000054,15,董　事,張義盈
108法登他000054,16,監察人,林慶盛
108法登他000055,1,理事長,賴添福
108法登他000055,2,監　事,鄭清雲
108法登他000055,3,監　事,吳克釗
108法登他000055,4,常務理事,陳瑞祥
108法登他000055,5,常務理事,廖慧媛
108法登他000055,6,常務監事,陳蔡美惠
108法登他000055,7,理　事,李建興
108法登他000055,8,理　事,机慈惠
108法登他000055,9,理　事,林國慶
108法登他000055,10,理　事,李淑儀
108法登他000055,11,理　事,黃至聖
108法登他000055,12,理　事,黎光承
108法登他000055,13,理　事,張簡華偉
108法登他000055,14,理　事,陸桂森
108法登他000055,15,理　事,黃良矜
108法登他000055,16,常務理事,林哲弘
108法登他000055,17,監　事,金紹文
108法登他000055,18,監　事,林宇凱
108法登他000055,19,理　事,林喬美
108法登他000055,20,常務理事,林文雄
108法登他000056,1,董事長,林桂箕
108法登他000056,3,董　事,陳双華
108法登他000056,5,董　事,羅雪珠
108法登他000056,9,董　事,黃沛峰
108法登他000056,10,董　事,楊美玲
108法登他000056,12,董　事,林怡甫
108法登他000056,14,董　事,張秋菊
108法登他000056,15,董　事,梁富榮
108法登他000056,16,董　事,黃郁茹
108法登他000056,17,監察人,潘坤發
108法登他000057,1,董事長,段行建
108法登他000057,2,董　事,郭有福
108法登他000057,4,董　事,陳志明
108法登他000057,6,董　事,楊媛菁
108法登他000057,8,董　事,羅美君
108法登他000057,9,董　事,林德育
108法登他000057,10,董　事,杜建興
108法登他000058,1,董　事,周泰源
108法登他000058,3,董　事,王志郎
108法登他000058,4,董　事,陳韋旭
108法登他000058,5,董　事,古文雄
108法登他000058,8,董事長,蔡樹軒
108法登他000058,9,董　事,陳志學
108法登他000058,12,董　事,蔡居源
108法登他000058,14,監察人,陳曜堂
108法登他000058,16,監察人,趙正山
108法登他000059,1,董　事,李衍淇
108法登他000059,2,董　事,吳柏翰
108法登他000059,3,董　事,范洲華
108法登他000059,4,董事長,陳全成
108法登他000059,5,董　事,黃柏達
108法登他000059,6,董　事,賴錫源
108法登他000059,7,董　事,羅國瑜
108法登他000060,1,理事長,黃政雄
108法登他000060,2,理　事,羅志誠
108法登他000060,3,常務理事,余海禮
108法登他000060,4,理　事,吳任鈞
108法登他000060,5,常務理事,盧至堅
108法登他000060,6,理　事,陳孟飛
108法登他000060,7,監　事,鍾建光
108法登他000060,8,理　事,黃筱倫
108法登他000060,9,理　事,蔡易軒
108法登他000060,10,常務監事,鄭雅慧
108法登他000060,11,理　事,黃小樹
108法登他000060,12,監　事,鍾嘉惠
108法登他000061,1,常務董事,趙國光
108法登他000061,2,董　事,陳毓文
108法登他000061,3,董　事,蔡文哲
108法登他000061,4,董事長,林靜文
108法登他000061,5,董　事,朱麗娟
108法登他000061,6,常務董事,潘璦琬
108法登他000061,7,董　事,陳思豪
108法登他000061,8,常務董事,梁信惠
108法登他000061,9,董　事,王榮義
108法登他000061,10,常務董事,葉大華
108法登他000061,11,董　事,廖碧英
108法登他000062,1,常務董事,趙國光
108法登他000062,2,董　事,陳毓文
108法登他000062,3,董　事,蔡文哲
108法登他000062,4,董事長,林靜文
108法登他000062,5,董　事,朱麗娟
108法登他000062,6,常務董事,潘璦琬
108法登他000062,7,董　事,陳思豪
108法登他000062,8,常務董事,梁信惠
108法登他000062,9,董　事,王榮義
108法登他000062,10,常務董事,葉大華
108法登他000062,11,董　事,廖碧英
108法登他000063,1,董事長,洪玉明
108法登他000063,3,董　事,高崇瀚
108法登他000063,4,董　事,林瑞廷
108法登他000063,5,董　事,郭炎屏
108法登他000063,6,董　事,康世儒
108法登他000063,7,董　事,郭吉煌
108法登他000063,8,董　事,詹國村
108法登他000063,9,董　事,葉秋堂
108法登他000063,10,董　事,黃弘志
108法登他000063,13,董　事,林武平
108法登他000063,15,董　事,陳政宏
108法登他000063,16,董　事,蔡正吉
108法登他000063,17,董　事,陳昱諮
108法登他000063,18,董　事,林芳昌
108法登他000063,19,董　事,林煌池
108法登他000064,1,董事長,鄭佩香
108法登他000064,2,"董  事",歐陽自坤
108法登他000064,3,"董  事",鄭文香
108法登他000064,4,"董  事",謝廣源
108法登他000064,5,"董  事",曾彥彰
108法登他000064,6,"董  事",許美玲
108法登他000064,7,"董  事",陳美娟
108法登他000065,1,董事長,王培珠
108法登他000065,2,董　事,陳英聲
108法登他000065,3,董　事,黃梅蘭
108法登他000065,4,董　事,詹求孚
108法登他000065,5,董　事,黃燕娥
108法登他000065,6,董　事,林瓊芳
108法登他000065,7,董　事,周美齡
108法登他000065,8,董　事,劉有漢
108法登他000065,9,董　事,陳少君
108法登他000065,10,董　事,吳順國
108法登他000065,11,董　事,黃財盛
108法登他000065,12,董　事,鄒美珍
108法登他000065,13,董　事,劉明浩
108法登他000066,1,常務理事,張春梅
108法登他000066,2,理　事,吳秀英
108法登他000066,3,理事長,陳淑宜
108法登他000066,4,監　事,鄭淑蓮
108法登他000066,5,監　事,陳豐珍
108法登他000066,6,常務理事,游玉妹
108法登他000066,7,理　事,黃錦源
108法登他000066,8,理　事,李素美
108法登他000066,9,理　事,陳阿春
108法登他000066,10,常務監事,謝金鈴
108法登他000066,11,理　事,許錦英
108法登他000066,12,理　事,釋常禮
108法登他000067,1,"董  事",陳靖康
108法登他000067,2,"董  事",奚道鈞
108法登他000067,3,董事長,陳晟康
108法登他000067,4,"董  事",張世煥
108法登他000067,5,"董  事",鍾瑞蓉
108法登他000067,6,"董  事",陳益康
108法登他000067,7,"董  事",鍾秋蓉
108法登他000067,8,"董  事",鍾鳳嬌
108法登他000067,9,"董  事",杜俊呈
108法登他000068,1,董　事,劉中平
108法登他000068,2,董　事,陳宗聖
108法登他000068,5,董事長,葉雲城
108法登他000068,6,董　事,羅佳烘
108法登他000068,7,監察人,徐文禮
108法登他000068,9,董　事,劉源順
108法登他000068,10,董　事,陳宏鑫
108法登他000068,11,董　事,黃鴻鈞
108法登他000068,12,董　事,許良明
108法登他000068,14,董　事,張智宏
108法登他000068,15,董　事,徐輝球
108法登他000068,16,董　事,黃錦榜
108法登他000068,17,董　事,江德利
108法登他000068,18,董　事,劉冠吾
108法登他000068,19,董　事,江明修
108法登他000068,20,董　事,張晃崇
108法登他000069,1,董事長,楊政義
108法登他000069,2,董　事,楊棟榕
108法登他000069,3,董　事,楊振河
108法登他000069,4,董　事,楊家華
108法登他000069,5,董　事,楊鴻基
108法登他000069,6,董　事,楊明憲
108法登他000069,7,董　事,楊萬福
108法登他000069,8,董　事,楊文芳
108法登他000069,9,董　事,朱楊林
108法登他000069,10,董　事,楊榮祥
108法登他000069,11,董　事,楊江聲
108法登他000069,12,董　事,楊秋雄
108法登他000069,13,董　事,楊弘烈
108法登他000069,14,董　事,楊煌仁
108法登他000069,15,董　事,楊明德
108法登他000069,16,董　事,楊炎煌
108法登他000069,17,董　事,楊光華
108法登他000069,18,董　事,楊弘旻
108法登他000069,19,董　事,楊政興
108法登他000069,20,董　事,楊順富
108法登他000069,21,董　事,楊如松
108法登他000069,22,董　事,楊欣哲
108法登他000069,23,董　事,楊坤田
108法登他000069,24,董　事,楊文昌
108法登他000069,25,董　事,楊春照
108法登他000069,26,董　事,楊景松
108法登他000069,27,董　事,楊炎貴
108法登他000069,28,董　事,楊杰
108法登他000069,29,董　事,楊銘鴻
108法登他000069,30,董　事,楊榮輝
108法登他000069,31,董　事,楊前
108法登他000069,32,常務監察人,楊森鏗
108法登他000069,33,監察人,楊艷盛
108法登他000069,34,監察人,楊健平
108法登他000069,35,監察人,楊世盟
108法登他000069,36,監察人,楊志賢
108法登他000069,37,監察人,楊哲寬
108法登他000069,38,監察人,楊洽基
108法登他000069,39,監察人,楊守正
108法登他000069,40,監察人,楊建嵐
108法登他000070,1,常務監事,黃成廣
108法登他000070,2,理　事,蔡琳標
108法登他000070,3,監　事,陳葆澤
108法登他000070,4,理事長,詹鐵城
108法登他000070,5,理　事,彭世光
108法登他000070,6,理　事,黃肇堂
108法登他000070,7,理　事,廖家佑
108法登他000070,8,理　事,詹前永
108法登他000070,9,理　事,黃松火
108法登他000070,10,監　事,詹前泉
108法登他000070,11,理　事,黃庭暉
108法登他000070,12,理　事,江志宏
108法登他000071,1,理事長,黃裕雯
108法登他000071,2,常務理事,葉晟霖
108法登他000071,3,常務理事,葉昌玉
108法登他000071,4,理　事,利碧珠
108法登他000071,5,理　事,宋玉森
108法登他000071,6,理　事,黃呂鳳玉
108法登他000071,7,理　事,彭馨慧
108法登他000071,8,理　事,徐綢珍
108法登他000071,9,理　事,黃月蘭
108法登他000071,10,常務監事,蔡蕙如
108法登他000071,11,監　事,張翠櫻
108法登他000071,12,監　事,謝新玉
108法登他000072,1,董　事,葉坤祥
108法登他000072,2,董　事,張昭雄
108法登他000072,3,董　事,蔡長海
108法登他000072,4,董　事,吳志雄
108法登他000072,5,董事長,趙文嘉
108法登他000072,6,董　事,蔡宗易
108法登他000072,7,董　事,洪賢德
108法登他000072,8,董　事,陳玉梅
108法登他000072,9,董　事,王偉程
108法登他000074,1,董事長,謝湷圳
108法登他000074,2,董　事,黃來宇
108法登他000074,3,董　事,吳信祥
108法登他000074,4,董　事,温明秀
108法登他000074,5,董　事,江雪琴
108法登他000074,6,監察人,蔡勤財
108法登他000075,1,董事長,林奏延
108法登他000075,2,常務董事,陳定信
108法登他000075,4,常務董事,吳成文
108法登他000075,5,董　事,王惠鈞
108法登他000075,9,董　事,李玉春
108法登他000075,10,董　事,楊泮池
108法登他000075,11,董　事,陳鈴津
108法登他000075,13,常務董事,汪嘉康
108法登他000075,16,董　事,魏福全
108法登他000075,17,董　事,羅秉成
108法登他000075,18,董　事,張美惠
108法登他000075,19,董　事,陳時中
108法登他000075,20,董　事,林萬億
108法登他000075,21,常務董事,劉扶東
108法登他000075,22,董　事,閻雲
108法登他000075,23,常務監事,蔡鴻坤
108法登他000075,24,監　事,侯勝茂
108法登他000075,25,監　事,傅立葉
108法登他000076,1,董　事,林守仁
108法登他000076,2,董事長,陳盛煊
108法登他000076,3,董　事,黃羅以
108法登他000076,4,董　事,林明禮
108法登他000076,5,董　事,蕭麗玉
108法登他000076,6,董　事,黃再益
108法登他000076,7,董　事,高信明
108法登他000076,8,董　事,林美香
108法登他000076,9,董　事,郭侑欣
108法登他000077,1,董　事,林玉蘭
108法登他000077,2,董　事,朱舜然
108法登他000077,3,監　事,連坤誌
108法登他000077,4,董　事,連乾輝
108法登他000077,5,常務董事,蕭天來
108法登他000077,6,董　事,簡文村
108法登他000077,7,董　事,林瑪琍（釋襄慧）
108法登他000077,8,常務董事,何肇基
108法登他000077,9,監　事,林存孝
108法登他000077,10,董　事,何建良
108法登他000077,11,常務監事,潘文浪
108法登他000077,12,董事長,邱仁浪
108法登他000078,1,董事長,李喬賓
108法登他000078,3,董　事,王智鋒
108法登他000078,4,董　事,黃汶軒
108法登他000078,5,董　事,許國華
108法登他000078,6,董　事,李奇昌
108法登他000079,1,常務理事,黃怡萍
108法登他000079,1,董事長,李喬賓
108法登他000079,1,董事長,李喬賓
108法登他000079,1,常務理事,黃怡萍
108法登他000079,2,常務監事,李燕嬌
108法登他000079,2,常務監事,李燕嬌
108法登他000079,3,理　事,曾思齊
108法登他000079,3,董　事,王智鋒
108法登他000079,3,董　事,王智鋒
108法登他000079,3,理　事,曾思齊
108法登他000079,4,董　事,黃汶軒
108法登他000079,4,理　事,傅啓俊
108法登他000079,4,董　事,黃汶軒
108法登他000079,4,理　事,傅啓俊
108法登他000079,5,理　事,曾恩懷
108法登他000079,5,董　事,許國華
108法登他000079,5,董　事,許國華
108法登他000079,5,理　事,曾恩懷
108法登他000079,6,董　事,李奇昌
108法登他000079,6,理　事,徐開展
108法登他000079,6,理　事,徐開展
108法登他000079,6,董　事,李奇昌
108法登他000079,7,理　事,賴奕丞
108法登他000079,7,理　事,賴奕丞
108法登他000079,8,理事長,何中元
108法登他000079,8,理事長,何中元
108法登他000079,9,理　事,張銘勳
108法登他000079,9,理　事,張銘勳
108法登他000079,10,監　事,趙婷玉
108法登他000079,10,監　事,趙婷玉
108法登他000079,11,監　事,姚文媜
108法登他000079,11,監　事,姚文媜
108法登他000079,12,常務理事,謝勝隆
108法登他000079,12,常務理事,謝勝隆
108法登他000080,1,董　事,李衍淇
108法登他000080,2,董　事,吳柏翰
108法登他000080,3,董　事,范洲華
108法登他000080,4,董事長,陳全成
108法登他000080,5,董　事,黃柏達
108法登他000080,6,董　事,賴錫源
108法登他000080,7,董　事,羅國瑜
108法登他000081,1,理事長,邱仕為
108法登他000081,2,理　事,邱曜基
108法登他000081,3,理　事,邱孔謀
108法登他000081,4,監　事,邱政雄
108法登他000081,5,常務理事,邱權威
108法登他000081,6,理　事,邱燕松
108法登他000081,7,理　事,邱光雄
108法登他000081,8,常務監事,邱西垣
108法登他000081,9,監　事,邱國忠
108法登他000081,10,理　事,邱雲芳
108法登他000081,11,理　事,邱鴻發
108法登他000081,12,常務理事,邱仲芳
108法登他000082,1,常務監事,謝定龍
108法登他000082,2,董事長,謝雲和
108法登他000082,3,董　事,謝英妹
108法登他000082,4,監　事,謝國漢
108法登他000082,5,董　事,謝仙和
108法登他000082,6,董　事,謝隆康
108法登他000082,7,監　事,謝森明
108法登他000082,8,董　事,謝國燈
108法登他000082,9,董　事,謝玉德
108法登他000082,10,董　事,謝煥文
108法登他000083,1,董　事,林中光
108法登他000083,2,董　事,葉瑞安
108法登他000083,3,董　事,范瑾榕
108法登他000083,4,董事長,彭來玉
108法登他000083,5,常務監事,徐進榮
108法登他000083,6,董　事,許哲誠
108法登他000084,1,董事長,錢復蓀
108法登他000084,2,董　事,覃雲生
108法登他000084,3,監　事,黃素卿
108法登他000084,4,董　事,劉騰煇
108法登他000084,5,董　事,李德瑜
108法登他000084,6,董　事,李明哲
108法登他000085,1,理事長,禹耀東
108法登他000085,2,常務理事,許育誠
108法登他000085,3,理　事,涂秀沛
108法登他000085,4,理　事,范展全
108法登他000085,6,監　事,江玉然
108法登他000085,7,常務理事,徐千剛
108法登他000085,8,監　事,邱顯銘
108法登他000085,9,理　事,劉興政
108法登他000085,10,理　事,何在光
108法登他000085,11,監　事,趙以選
108法登他000085,12,理　事,葉瑞美
108法登他000085,13,理　事,洪劉傑
108法登他000085,14,理　事,梁美蓮
108法登他000085,15,理　事,范智港
108法登他000085,16,理　事,林壯宇
108法登他000085,17,常務監事,謝泰源
108法登他000085,18,理　事,邱金玉
108法登他000085,19,常務理事,黃梅蘭
108法登他000085,20,監　事,黃淑惠
108法登他000085,21,常務理事,劉富明
108法登他000086,1,董事長,鄭榮興
108法登他000086,2,董　事,劉東隆
108法登他000086,3,董　事,管健仲
108法登他000086,4,董　事,劉麗株
108法登他000086,5,董　事,葉錦忠
108法登他000086,6,董　事,吳聰嬌
108法登他000086,7,董　事,黃香齡
108法登他000087,1,理事長,陳美汀
108法登他000087,2,常務理事,劉威廷
108法登他000087,3,常務理事,姜博仁
108法登他000087,4,理　事,李偉傑
108法登他000087,5,理　事,李璟泓
108法登他000087,6,理　事,林錦坤
108法登他000087,7,理　事,陳柏豪
108法登他000087,8,理　事,王豫煌
108法登他000087,9,理　事,謝佳玲
108法登他000087,10,常務監事,林厥雋
108法登他000087,11,監　事,魏美莉
108法登他000087,12,監　事,郭榮信
108法登他000088,1,理事長,李平
108法登他000088,2,常務理事,嚴睦涵
108法登他000088,3,常務理事,陳旭硯
108法登他000088,4,常務理事,簡榆珍
108法登他000088,5,常務理事,楊秀珠
108法登他000088,6,理　事,高愛珠
108法登他000088,7,理　事,林青萍
108法登他000088,8,理　事,江瑞玲
108法登他000088,9,理　事,林宜慧
108法登他000088,10,理　事,簡寶桂
108法登他000088,11,理　事,蔡尤君
108法登他000088,12,理　事,楊代宇
108法登他000088,13,理　事,陳瑞玲
108法登他000088,14,理　事,李政治
108法登他000088,15,理　事,全嘉玲
108法登他000088,16,常務監事,姚永棣
108法登他000088,17,監　事,高沛
108法登他000088,18,監　事,王小春
108法登他000088,19,監　事,江麗菊
108法登他000088,20,監　事,陳愛琳
108法登他000089,1,理事長,曾麗瓊
108法登他000089,2,常務理事,吳文民
108法登他000089,3,理　事,邱春長
108法登他000089,4,理　事,林陳玉麗
108法登他000089,5,理　事,葉姚秀釵
108法登他000089,6,理　事,謝鶯嬌
108法登他000089,7,理　事,陳素卿
108法登他000089,8,理　事,陳素卿
108法登他000089,9,理　事,姜慧琴
108法登他000089,10,常務監事,張家鈁
108法登他000089,11,監　事,何李斷
108法登他000089,12,監　事,江玉漳
108法登他000090,1,董　事,葉芸竹
108法登他000090,2,董　事,曾國峯
108法登他000090,3,董事長,吳立華
108法登他000090,4,董　事,林振龍
108法登他000090,7,董　事,陳垂焰
108法登他000090,8,董　事,羅文邑
108法登他000090,9,董　事,吳裕鐽
108法登他000090,10,董　事,高秀枝
108法登他000090,11,董　事,吳立言
108法登他000091,1,董　事,李岳霖
108法登他000091,3,董　事,林達雄
108法登他000091,4,董　事,劉原良
108法登他000091,6,董　事,藍纘煌
108法登他000091,7,董　事,李振宇
108法登他000091,8,董事長,李鵬雄
108法登他000091,9,董　事,賈大慶
108法登他000091,10,常務董事,林明哲
108法登他000091,11,常務董事,李甲元
108法登他000092,1,常務理事,盧巧文
108法登他000092,2,理　事,吳桂琴
108法登他000092,3,理　事,彭姿敏
108法登他000092,4,理　事,林接芳
108法登他000092,5,理　事,賴仕傑
108法登他000092,6,常務理事,黃慧娜
108法登他000092,7,理事長,鄭光仁
108法登他000092,8,常務監事,鄭國良
108法登他000092,9,理　事,徐宗達
108法登他000092,10,理　事,饒芳如
108法登他000092,11,監　事,黃亭秋
108法登他000092,12,監　事,黃玉蘭
108法登他000093,1,董事長,李守雄
108法登他000093,2,董　事,張火星
108法登他000093,3,董　事,黃靖絨
108法登他000093,4,董　事,蔡文興
108法登他000093,5,董　事,楊春香
108法登他000093,6,董　事,蔡叁喜
108法登他000093,7,董　事,葉海
108法登他000093,8,董　事,陳清鑫
108法登他000093,9,董　事,林世明
108法登他000093,10,董　事,張錦坤
108法登他000093,11,董　事,張世輝
108法登他000093,12,董　事,李麗鳳
108法登他000093,13,董　事,許恭明
108法登他000093,14,董　事,林國明
108法登他000093,15,董　事,蘇萬貴
108法登他000093,16,董　事,陳秀琴
108法登他000093,17,董　事,楊萬來
108法登他000093,18,董　事,林鈺堂
108法登他000093,19,董　事,杜世湖
108法登他000093,20,董　事,黃國勲
108法登他000093,21,董　事,林正義
108法登他000093,22,監察人,李圓輝
108法登他000093,23,監察人,張徐愛玉
108法登他000093,24,監察人,彭運協
108法登他000094,1,董事長,張光宇
108法登他000094,3,董　事,賴光輝
108法登他000094,4,董　事,余海禮
108法登他000094,6,監察人,徐志強
108法登他000094,7,董　事,盧至堅
108法登他000094,8,董　事,鄭皓
108法登他000094,10,董　事,鄒慶曄
108法登他000094,11,董　事,朱鈞
108法登他000094,13,董　事,陳振偉
108法登他000094,14,董　事,謝明諺
108法登他000094,15,董　事,吳俞萱
108法登他000094,16,董　事,蔡易軒
108法登他000095,2,董　事,廖慶雲
108法登他000095,3,董　事,賴木華
108法登他000095,4,常務董事,吳正賢
108法登他000095,7,董事長,邱榮炘
108法登他000095,8,董　事,潘錠豐
108法登他000095,10,董　事,吳玉貴
108法登他000095,14,常務董事,邱志炘
108法登他000098,1,董事長,林俊宇
108法登他000098,3,常務監事,劉廷浩
108法登他000098,4,董　事,陳玅如
108法登他000098,5,董　事,邱永鴻
108法登他000098,6,董　事,沈文福
108法登他000098,7,董　事,李振銘
108法登他000098,8,董　事,張瑞和
108法登他000098,10,董　事,楊龍吉
108法登他000099,1,董事長,何秀綿
108法登他000099,2,董　事,邱振生
108法登他000099,4,董　事,余德明
108法登他000099,9,常務董事,陳金鑾
108法登他000099,10,監　事,黃湘元
108法登他000099,11,常務監事,陳文標
108法登他000099,13,常務董事,蔡津照
108法登他000099,15,常務董事,陳文鋒
108法登他000099,16,董　事,陳幸義
108法登他000099,19,董　事,陳怡樺
108法登他000099,20,常務董事,邱進旺
108法登他000099,22,董　事,康進筆
108法登他000099,23,董　事,林進明
108法登他000099,24,監　事,林武宗
108法登他000100,1,理事長,呂盈運
108法登他000100,2,常務理事,吳雅玫
108法登他000100,3,理　事,姚怡君
108法登他000100,4,理　事,潘文欽
108法登他000100,5,常務理事,黃展瑋
108法登他000100,6,理　事,陳宇凡
108法登他000100,7,理　事,林志翔
108法登他000100,8,理　事,江宇晨
108法登他000100,9,理　事,鄭逸崧
108法登他000100,10,常務監事,楊志堅
108法登他000100,11,監　事,謝文逸
108法登他000100,12,監　事,楊詠淋
108法登他000101,1,董事長,王郭桂英
108法登他000101,2,董　事,王利勝
108法登他000101,3,董　事,曾玉芬
108法登他000101,4,董　事,張敏夫
108法登他000101,5,董　事,徐友一
108法登他000101,7,董　事,黃碧嬌
108法登他000101,8,董　事,邱麒米
108法登他000101,10,董　事,林坤山
108法登他000101,11,董　事,陳威鑠
108法登他000102,1,董事長,劉淙漢
108法登他000102,2,董　事,何麗梅
108法登他000102,3,董　事,李正雄
108法登他000102,4,董　事,劉正忠
108法登他000102,5,監察人,劉榮凱
108法登他000102,6,董　事,陳珮潔
108法登他000102,7,監察人,謝宛彤
108法登他000102,8,董　事,洪德柱
108法登他000102,9,監察人,俞國珠
108法登他000102,10,董　事,林秀麗
108法登他000103,1,理事長,周忠義
108法登他000103,2,理　事,黃雲
108法登他000103,3,常務理事,陳秀慧
108法登他000103,4,理　事,周云筠
108法登他000103,5,理　事,謝素娟
108法登他000103,6,理　事,徐雲基
108法登他000103,7,理　事,陳鳳珠
108法登他000103,8,常務理事,李文塗
108法登他000103,9,理　事,李茵淇
108法登他000103,10,監　事,萬榮星
108法登他000103,11,常務監事,周仕賢
108法登他000103,12,監　事,詹益年
108法登他000104,1,董　事,鄭亞芯
108法登他000104,2,董　事,張薰和
108法登他000104,3,董事長,王淑菱
108法登他000104,4,董　事,譚垂國
108法登他000104,5,董　事,陳玉珍
108法登他000105,1,董事長,蔡其建
108法登他000105,2,董　事,陳俊義
108法登他000105,3,董　事,蔡玉釵
108法登他000105,4,董　事,蔡明倫
108法登他000105,5,董　事,王玉鳳
108法登他000105,6,董　事,李瑞鈺
108法登他000105,7,董　事,羅乾灶
108法登社000001,1,理事長,饒全豐
108法登社000001,2,常務理事,饒文介
108法登社000001,3,常務理事,饒錦山
108法登社000001,4,理　事,饒榮政
108法登社000001,5,理　事,饒煥輝
108法登社000001,6,理　事,饒騰輝
108法登社000001,7,理　事,饒彬義
108法登社000001,8,理　事,饒欣奇
108法登社000001,9,理　事,饒仁宏
108法登社000001,10,常務監事,饒秀奇
108法登社000001,11,監　事,饒梴基
108法登社000001,12,監　事,饒洵寧
108法登社000002,1,理事長,王培珠
108法登社000002,1,理事長,王培珠
108法登社000002,1,理事長,王培珠
108法登社000002,1,理事長,王培珠
108法登社000002,2,常務理事,陳少君
108法登社000002,2,常務理事,陳少君
108法登社000002,2,常務理事,陳少君
108法登社000002,2,常務理事,陳少君
108法登社000002,3,常務理事,劉有漢
108法登社000002,3,常務理事,劉有漢
108法登社000002,3,常務理事,劉有漢
108法登社000002,3,常務理事,劉有漢
108法登社000002,4,理　事,洪瑞蓮
108法登社000002,4,理　事,洪瑞蓮
108法登社000002,4,理　事,洪瑞蓮
108法登社000002,4,理　事,洪瑞蓮
108法登社000002,5,理　事,謝佑欣
108法登社000002,5,理　事,謝佑欣
108法登社000002,5,理　事,謝佑欣
108法登社000002,5,理　事,謝佑欣
108法登社000002,6,理　事,黃天仁
108法登社000002,6,理　事,黃天仁
108法登社000002,6,理　事,黃天仁
108法登社000002,6,理　事,黃天仁
108法登社000002,7,理　事,陳淑琴
108法登社000002,7,理　事,陳淑琴
108法登社000002,7,理　事,陳淑琴
108法登社000002,7,理　事,陳淑琴
108法登社000002,8,理　事,張年明
108法登社000002,8,理　事,張年明
108法登社000002,8,理　事,張年明
108法登社000002,8,理　事,張年明
108法登社000002,9,理　事,黃財盛
108法登社000002,9,理　事,黃財盛
108法登社000002,9,理　事,黃財盛
108法登社000002,9,理　事,黃財盛
108法登社000002,10,常務監事,鄒美珍
108法登社000002,10,常務監事,鄒美珍
108法登社000002,10,常務監事,鄒美珍
108法登社000002,10,常務監事,鄒美珍
108法登社000002,11,監　事,林瓊芳
108法登社000002,11,監　事,林瓊芳
108法登社000002,11,監　事,林瓊芳
108法登社000002,11,監　事,林瓊芳
108法登社000002,12,監　事,陳惠鳳
108法登社000002,12,監　事,陳惠鳳
108法登社000002,12,監　事,陳惠鳳
108法登社000002,12,監　事,陳惠鳳
108法登社000003,1,理事長,陳逸民
108法登社000003,2,常務理事,湯淑娟
108法登社000003,3,常務理事,池珍珍
108法登社000003,4,理　事,范清芳
108法登社000003,5,理　事,鄭淑媛
108法登社000003,6,理　事,呂志娟
108法登社000003,7,理　事,余明真
108法登社000003,8,理　事,陳獻主
108法登社000003,9,理　事,王詩婷
108法登社000003,10,常務監事,林劉鳳英
108法登社000003,11,監　事,李光耀
108法登社000003,12,監　事,蘇小琴
108法登社000004,1,理事長,翁郭悅枝
108法登社000004,2,常務理事,許秀珠
108法登社000004,3,常務理事,張雅琳
108法登社000004,4,常務理事,蕭芳纓
108法登社000004,5,常務理事,趙劉碧珠
108法登社000004,6,理　事,吳盈蓁
108法登社000004,7,理　事,林宴如
108法登社000004,8,理　事,吳素蓉
108法登社000004,9,理　事,温葉銀妹
108法登社000004,10,理　事,鍾燕玉
108法登社000004,11,理　事,胡秀梅
108法登社000004,12,理　事,劉毓汶
108法登社000004,13,理　事,陳涂美蓮
108法登社000004,14,理　事,謝燕東
108法登社000004,15,理　事,林桂桃
108法登社000004,16,常務監事,黃淑卿
108法登社000004,17,監　事,陳胡秋霞
108法登社000004,18,監　事,陳淑珍
108法登社000004,19,監　事,黎秀春
108法登社000004,20,監　事,陳青宜
108法登社000005,1,理事長,陳德欽
108法登社000005,2,常務理事,陳啓仁
108法登社000005,3,常務理事,陳慶昆
108法登社000005,4,理　事,陳呈獻
108法登社000005,5,理　事,陳繼祖
108法登社000005,6,理　事,陳榮耀
108法登社000005,7,理　事,陳春元
108法登社000005,8,理　事,陳旗祥
108法登社000005,9,理　事,陳德玄
108法登社000005,10,理　事,陳泰源
108法登社000005,11,理　事,陳德義
108法登社000005,12,理　事,陳其財
108法登社000005,13,理　事,陳宏昌
108法登社000005,14,常務監事,陳茂隆
108法登社000005,15,監　事,陳朝濠
108法登社000005,16,監　事,陳灶生
108法登社000006,1,理事長,釋三寶
108法登社000006,2,副理事長,萬芳琪
108法登社000006,3,常務理事,傅光亮
108法登社000006,4,常務理事,薛美卿
108法登社000006,5,常務理事,鄭文雀
108法登社000006,6,理　事,萬淑媛
108法登社000006,7,理　事,吳東融
108法登社000006,8,理　事,廖巳驊
108法登社000006,9,理　事,莊添丁
108法登社000006,10,理　事,林坤仁
108法登社000006,11,理　事,李錫東
108法登社000006,12,理　事,周欽傑
108法登社000006,13,理　事,萬淑玲
108法登社000006,14,理　事,李中瑜
108法登社000006,15,理　事,張桓銘
108法登社000006,16,理　事,王貴茂
108法登社000006,17,理　事,趙煥森
108法登社000006,18,常務監事,李德用
108法登社000006,19,監　事,林弘曄
108法登社000006,20,監　事,余國振
108法登社000006,21,監　事,鄭逢昌
108法登社000006,22,監　事,謝東翰
108法登財000001,1,董事長,陳松生
108法登財000001,2,董　事,鄭朝元
108法登財000001,3,董　事,謝淑珍
108法登財000001,4,董　事,陳銘安
108法登財000001,5,董　事,廖英利
108法登財000001,6,董　事,陳冠興
108法登財000001,7,董　事,陳碧華
108法登財000001,8,董　事,陳漢璋
108法登財000001,9,董　事,連照雄
108法登財000001,10,監察人,陳呂緣
108法登財000001,11,監察人,陳秀梅
108法登財000001,12,監察人,陳麗華
108法登財000002,1,董事長,陳秋棠
108法登財000002,2,董　事,洪志誠
108法登財000002,3,董　事,蔡烱民
108法登財000002,4,董　事,施遵驊
108法登財000002,5,董　事,陳香吟
108法登財000002,6,董　事,楊枬
108法登財000002,7,董　事,王源遠
108法登財000002,8,監察人,許著坤
108法登財000002,9,監察人,林淑華
108法登財000002,10,監察人,莊琇媛
108法登財000003,1,董事長,劉勝平
108法登財000003,2,董　事,鍾惠美
108法登財000003,3,董　事,鄭伊婷
108法登財000003,4,董　事,徐秀茹
108法登財000003,5,董　事,劉千逸
108法登財000003,6,董　事,林穎聰
108法登財000003,7,董　事,郭燦芬
